DATE,VALUE
1999-01-04,8002
1999-01-05,7901
1999-01-06,7952
1999-01-07,7926
1999-01-08,7996
1999-01-11,8001
1999-01-12,8074
1999-01-13,8699
1999-01-14,8651
1999-01-15,8958
1999-01-18,8447
1999-01-19,8570
1999-01-20,8469
1999-01-21,8649
1999-01-22,8908
1999-01-25,9349
1999-01-26,9169
1999-01-27,9176
1999-01-28,9151
1999-01-29,8923
1999-02-01,8898
1999-02-02,8800
1999-02-03,8427
1999-02-04,8676
1999-02-05,8750
1999-02-08,8900
1999-02-09,8751
1999-02-10,8602
1999-02-11,8703
1999-02-12,8753
1999-02-15,8599
1999-02-16,8750
1999-02-17,8756
1999-02-18,8824
1999-02-19,8827
1999-02-22,8902
1999-02-23,8832
1999-02-24,8798
1999-02-25,8841
1999-02-26,8828
1999-03-01,8864
1999-03-02,8867
1999-03-03,8864
1999-03-04,8895
1999-03-05,8760
1999-03-08,8948
1999-03-09,8979
1999-03-10,9073
1999-03-11,9465
1999-03-12,9201
1999-03-15,8750
1999-03-16,8792
1999-03-17,9001
1999-03-18,9024
1999-03-19,8877
1999-03-22,8891
1999-03-23,8899
1999-03-24,8851
1999-03-25,8847
1999-03-26,8868
1999-03-29,8824
1999-03-30,8730
1999-03-31,8699
1999-04-01,8646
1999-04-02,8626
1999-04-05,8650
1999-04-06,8777
1999-04-07,8749
1999-04-08,8753
1999-04-09,8748
1999-04-12,8731
1999-04-13,8725
1999-04-14,8652
1999-04-15,8661
1999-04-16,8655
1999-04-19,8634
1999-04-20,8626
1999-04-21,8640
1999-04-22,8597
1999-04-23,8573
1999-04-26,8623
1999-04-27,8587
1999-04-28,8543
1999-04-29,8254
1999-04-30,8227
1999-05-03,7948
1999-05-04,7950
1999-05-05,8012
1999-05-06,8037
1999-05-07,7850
1999-05-10,7717
1999-05-11,7679
1999-05-12,7827
1999-05-13,7829
1999-05-14,7815
1999-05-17,7961
1999-05-18,7875
1999-05-19,8087
1999-05-20,8025
1999-05-21,8039
1999-05-24,8056
1999-05-25,7984
1999-05-26,8090
1999-05-27,8098
1999-05-28,8105
1999-05-31,8100
1999-06-01,8125
1999-06-02,8153
1999-06-03,8175
1999-06-04,8076
1999-06-07,7728
1999-06-08,7607
1999-06-09,7749
1999-06-10,7716
1999-06-11,7673
1999-06-14,7449
1999-06-15,7285
1999-06-16,7269
1999-06-17,7270
1999-06-18,7286
1999-06-21,7005
1999-06-22,6886
1999-06-23,6698
1999-06-24,6754
1999-06-25,6896
1999-06-28,6614
1999-06-29,6678
1999-06-30,6665
1999-07-01,6849
1999-07-02,6829
1999-07-05,6702
1999-07-06,6718
1999-07-07,6726
1999-07-08,6620
1999-07-09,6642
1999-07-12,6626
1999-07-13,6635
1999-07-14,6644
1999-07-15,6704
1999-07-16,6768
1999-07-19,6720
1999-07-20,6683
1999-07-21,6711
1999-07-22,6776
1999-07-23,6905
1999-07-26,7027
1999-07-27,6991
1999-07-28,6876
1999-07-29,6815
1999-07-30,6836
1999-08-02,6858
1999-08-03,6893
1999-08-04,6911
1999-08-05,7015
1999-08-06,7031
1999-08-09,7055
1999-08-10,7339
1999-08-11,7885
1999-08-12,8076
1999-08-13,7917
1999-08-16,7524
1999-08-17,7686
1999-08-18,7379
1999-08-19,7275
1999-08-20,7173
1999-08-23,7540
1999-08-24,7747
1999-08-25,7575
1999-08-26,7497
1999-08-27,7560
1999-08-30,7709
1999-08-31,7705
1999-09-01,7684
1999-09-02,7715
1999-09-03,7860
1999-09-06,8063
1999-09-07,8342
1999-09-08,8638
1999-09-09,8686
1999-09-10,8250
1999-09-13,7901
1999-09-14,8175
1999-09-15,8142
1999-09-16,8151
1999-09-17,8186
1999-09-20,8389
1999-09-21,8325
1999-09-22,8400
1999-09-23,8802
1999-09-24,8684
1999-09-27,8426
1999-09-28,8467
1999-09-29,8395
1999-09-30,8400
1999-10-01,7985
1999-10-04,7991
1999-10-05,7756
1999-10-06,7776
1999-10-07,7764
1999-10-08,7864
1999-10-11,7802
1999-10-12,7782
1999-10-13,8148
1999-10-14,8209
1999-10-15,7995
1999-10-18,7873
1999-10-19,7596
1999-10-20,7475
1999-10-21,6941
1999-10-22,6826
1999-10-25,6855
1999-10-26,6854
1999-10-27,6870
1999-10-28,6974
1999-10-29,6908
1999-11-01,6767
1999-11-02,6713
1999-11-03,6750
1999-11-04,6776
1999-11-05,6833
1999-11-08,6787
1999-11-09,6848
1999-11-10,6900
1999-11-11,7129
1999-11-12,7064
1999-11-15,6951
1999-11-16,7030
1999-11-17,6978
1999-11-18,6986
1999-11-19,7052
1999-11-22,7056
1999-11-23,7129
1999-11-24,7092
1999-11-25,7206
1999-11-26,7220
1999-11-29,7342
1999-11-30,7330
1999-12-01,7297
1999-12-02,7281
1999-12-03,7254
1999-12-06,7176
1999-12-07,7197
1999-12-08,7208
1999-12-09,7231
1999-12-10,7227
1999-12-13,7234
1999-12-14,7229
1999-12-15,7104
1999-12-16,7057
1999-12-17,7100
1999-12-20,7077
1999-12-21,7109
1999-12-22,7094
1999-12-23,7075
1999-12-24,6973
1999-12-27,6996
1999-12-28,7035
1999-12-29,7082
1999-12-30,7021
2000-01-03,7069
2000-01-04,7050
2000-01-05,7174
2000-01-06,7216
2000-01-07,7195
2000-01-10,7156
2000-01-11,7267
2000-01-12,7211
2000-01-13,7217
2000-01-14,7166
2000-01-17,7266
2000-01-18,7253
2000-01-19,7348
2000-01-20,7327
2000-01-21,7299
2000-01-24,7305
2000-01-25,7348
2000-01-26,7398
2000-01-27,7396
2000-01-28,7449
2000-01-31,7426
2000-02-01,7428
2000-02-02,7589
2000-02-03,7659
2000-02-04,7535
2000-02-07,7508
2000-02-08,7336
2000-02-09,7239
2000-02-10,7299
2000-02-11,7316
2000-02-14,7252
2000-02-15,7384
2000-02-16,7433
2000-02-17,7427
2000-02-18,7412
2000-02-21,7430
2000-02-22,7451
2000-02-23,7441
2000-02-24,7486
2000-02-25,7382
2000-02-28,7443
2000-02-29,7414
2000-03-01,7383
2000-03-02,7431
2000-03-03,7450
2000-03-06,7447
2000-03-07,7466
2000-03-08,7453
2000-03-09,7375
2000-03-10,7365
2000-03-13,7418
2000-03-14,7438
2000-03-15,7473
2000-03-16,7470
2000-03-17,7444
2000-03-20,7438
2000-03-21,7471
2000-03-22,7433
2000-03-23,7417
2000-03-24,7448
2000-03-27,7481
2000-03-28,7596
2000-03-29,7564
2000-03-30,7574
2000-03-31,7602
2000-04-03,7701
2000-04-04,7696
2000-04-05,7777
2000-04-06,7774
2000-04-07,7652
2000-04-10,7616
2000-04-11,7608
2000-04-12,7612
2000-04-13,7620
2000-04-14,7607
2000-04-17,7679
2000-04-18,7766
2000-04-19,7873
2000-04-20,7975
2000-04-25,7925
2000-04-26,8002
2000-04-27,7914
2000-04-28,7925
2000-05-02,8012
2000-05-03,7991
2000-05-04,7989
2000-05-05,7960
2000-05-08,8005
2000-05-09,8067
2000-05-10,8174
2000-05-11,8401
2000-05-12,8396
2000-05-15,8603
2000-05-16,8549
2000-05-17,8497
2000-05-18,8623
2000-05-19,8327
2000-05-22,8369
2000-05-23,8433
2000-05-24,8499
2000-05-25,8472
2000-05-26,8509
2000-05-29,8620
2000-05-30,8652
2000-05-31,8636
2000-06-01,8428
2000-06-02,8412
2000-06-05,8488
2000-06-06,8557
2000-06-07,8639
2000-06-08,8635
2000-06-09,8626
2000-06-12,8588
2000-06-13,8571
2000-06-14,8527
2000-06-15,8539
2000-06-16,8572
2000-06-19,8647
2000-06-20,8633
2000-06-21,8661
2000-06-22,8704
2000-06-23,8675
2000-06-26,8704
2000-06-27,8686
2000-06-28,8682
2000-06-29,8724
2000-06-30,8748
2000-07-03,8949
2000-07-04,8961
2000-07-05,9382
2000-07-06,9320
2000-07-07,9321
2000-07-10,9292
2000-07-11,9333
2000-07-12,9424
2000-07-13,9456
2000-07-14,9499
2000-07-17,9507
2000-07-18,9319
2000-07-19,8988
2000-07-20,8901
2000-07-21,8977
2000-07-24,8901
2000-07-25,9040
2000-07-26,9070
2000-07-27,8955
2000-07-28,8947
2000-07-31,8898
2000-08-01,8946
2000-08-02,8815
2000-08-03,8636
2000-08-04,8618
2000-08-07,8600
2000-08-08,8613
2000-08-09,8636
2000-08-10,8471
2000-08-11,8315
2000-08-14,8237
2000-08-15,8347
2000-08-16,8342
2000-08-17,8312
2000-08-18,8348
2000-08-21,8244
2000-08-22,8146
2000-08-23,8445
2000-08-24,8392
2000-08-25,8370
2000-08-28,8226
2000-08-29,8368
2000-08-30,8378
2000-08-31,8282
2000-09-01,8322
2000-09-04,8288
2000-09-05,8339
2000-09-06,8384
2000-09-07,8398
2000-09-08,8404
2000-09-11,8470
2000-09-12,8656
2000-09-13,8797
2000-09-14,8615
2000-09-15,8734
2000-09-18,8688
2000-09-19,8704
2000-09-20,8798
2000-09-21,8772
2000-09-22,8756
2000-09-25,8844
2000-09-26,8751
2000-09-27,8860
2000-09-28,8820
2000-09-29,8770
2000-10-02,8797
2000-10-03,8776
2000-10-04,8825
2000-10-05,8778
2000-10-06,8791
2000-10-09,8821
2000-10-10,8824
2000-10-11,8858
2000-10-12,8951
2000-10-13,8935
2000-10-16,8900
2000-10-17,8892
2000-10-18,8909
2000-10-19,8892
2000-10-20,8939
2000-10-23,8966
2000-10-24,8915
2000-10-25,8945
2000-10-26,9097
2000-10-27,9142
2000-10-30,9348
2000-10-31,9406
2000-11-01,9155
2000-11-02,9153
2000-11-03,9178
2000-11-06,9159
2000-11-07,9279
2000-11-08,9203
2000-11-09,9278
2000-11-10,9199
2000-11-13,9263
2000-11-14,9383
2000-11-15,9371
2000-11-16,9373
2000-11-17,9408
2000-11-20,9462
2000-11-21,9462
2000-11-22,9452
2000-11-23,9414
2000-11-24,9456
2000-11-27,9442
2000-11-28,9437
2000-11-29,9451
2000-11-30,9519
2000-12-01,9512
2000-12-04,9530
2000-12-05,9520
2000-12-06,9556
2000-12-07,9602
2000-12-08,9549
2000-12-11,9345
2000-12-12,9484
2000-12-13,9483
2000-12-14,9408
2000-12-15,9357
2000-12-18,9352
2000-12-19,9252
2000-12-20,9249
2000-12-21,9302
2000-12-22,9286
2000-12-27,9408
2000-12-28,9552
2000-12-29,9756
2001-01-02,9456
2001-01-03,9549
2001-01-04,9475
2001-01-05,9480
2001-01-08,9501
2001-01-09,9501
2001-01-10,9543
2001-01-11,9627
2001-01-12,9616
2001-01-15,9473
2001-01-16,9491
2001-01-17,9439
2001-01-18,9482
2001-01-19,9457
2001-01-22,9388
2001-01-23,9375
2001-01-24,9428
2001-01-25,9459
2001-01-26,9443
2001-01-29,9456
2001-01-30,9436
2001-01-31,9456
2001-02-01,9545
2001-02-02,9524
2001-02-05,9600
2001-02-06,9636
2001-02-07,9648
2001-02-08,9652
2001-02-09,9593
2001-02-12,9602
2001-02-13,9613
2001-02-14,9615
2001-02-15,9587
2001-02-16,9620
2001-02-19,9616
2001-02-20,9616
2001-02-21,9605
2001-02-22,9637
2001-02-23,9670
2001-02-26,9850
2001-02-27,9864
2001-02-28,9828
2001-03-01,9877
2001-03-02,9861
2001-03-05,9850
2001-03-06,9889
2001-03-07,9886
2001-03-08,9930
2001-03-09,10150
2001-03-12,10500
2001-03-13,10300
2001-03-14,10169
2001-03-15,9926
2001-03-16,10315
2001-03-19,10421
2001-03-20,10414
2001-03-21,10430
2001-03-22,10405
2001-03-23,10398
2001-03-26,10397
2001-03-27,10405
2001-03-28,10392
2001-03-29,10397
2001-03-30,10403
2001-04-02,10434
2001-04-03,10436
2001-04-04,10599
2001-04-05,10700
2001-04-06,10841
2001-04-09,10809
2001-04-10,10654
2001-04-11,10595
2001-04-12,10601
2001-04-17,10861
2001-04-18,10961
2001-04-19,11105
2001-04-20,11781
2001-04-23,11945
2001-04-24,11836
2001-04-25,12001
2001-04-26,12004
2001-04-27,11853
2001-04-30,11602
2001-05-02,11104
2001-05-03,11076
2001-05-04,10951
2001-05-07,10951
2001-05-08,10950
2001-05-09,11069
2001-05-10,11229
2001-05-11,11273
2001-05-14,11401
2001-05-15,11455
2001-05-16,11426
2001-05-17,11290
2001-05-18,11364
2001-05-21,11464
2001-05-22,11419
2001-05-23,11418
2001-05-24,11418
2001-05-25,11462
2001-05-28,11604
2001-05-29,11202
2001-05-30,11386
2001-05-31,11126
2001-06-01,11440
2001-06-04,11462
2001-06-05,11224
2001-06-06,11201
2001-06-07,11187
2001-06-08,11235
2001-06-11,11279
2001-06-12,11239
2001-06-13,11227
2001-06-14,11247
2001-06-15,11264
2001-06-18,11295
2001-06-19,11380
2001-06-20,11296
2001-06-21,11355
2001-06-22,11353
2001-06-25,11373
2001-06-26,11378
2001-06-27,11405
2001-06-28,11456
2001-06-29,11390
2001-07-02,11331
2001-07-03,11318
2001-07-04,11358
2001-07-05,11335
2001-07-06,11349
2001-07-09,11328
2001-07-10,11361
2001-07-11,11337
2001-07-12,11359
2001-07-13,11328
2001-07-16,11341
2001-07-17,11330
2001-07-18,11278
2001-07-19,11248
2001-07-20,11122
2001-07-23,10186
2001-07-24,10187
2001-07-25,10018
2001-07-26,10049
2001-07-27,9962
2001-07-30,9698
2001-07-31,9497
2001-08-01,9629
2001-08-02,9628
2001-08-03,9513
2001-08-06,9388
2001-08-07,9358
2001-08-08,9328
2001-08-09,9204
2001-08-10,9109
2001-08-13,8549
2001-08-14,8489
2001-08-15,8768
2001-08-16,8759
2001-08-17,8759
2001-08-20,8523
2001-08-21,8546
2001-08-22,8615
2001-08-23,8726
2001-08-24,8695
2001-08-27,8734
2001-08-28,9031
2001-08-29,9150
2001-08-30,8918
2001-08-31,8860
2001-09-03,8991
2001-09-04,8999
2001-09-05,9048
2001-09-06,9003
2001-09-07,9147
2001-09-10,9077
2001-09-11,9091
2001-09-12,9055
2001-09-13,9104
2001-09-14,9115
2001-09-17,9320
2001-09-18,9568
2001-09-19,9603
2001-09-20,9439
2001-09-21,9411
2001-09-24,9460
2001-09-25,9522
2001-09-26,9630
2001-09-27,9671
2001-09-28,9720
2001-10-01,10047
2001-10-02,10048
2001-10-03,9903
2001-10-04,9733
2001-10-05,9862
2001-10-08,10165
2001-10-09,10048
2001-10-10,9985
2001-10-11,9944
2001-10-12,9972
2001-10-15,9966
2001-10-16,10002
2001-10-17,10012
2001-10-18,10035
2001-10-19,10089
2001-10-22,10117
2001-10-23,10171
2001-10-24,10230
2001-10-25,10268
2001-10-26,10261
2001-10-29,10267
2001-10-30,10398
2001-10-31,10472
2001-11-01,10523
2001-11-02,10676
2001-11-05,10922
2001-11-06,10834
2001-11-07,10638
2001-11-08,10466
2001-11-09,10410
2001-11-12,10719
2001-11-13,10671
2001-11-14,10646
2001-11-15,10624
2001-11-16,10634
2001-11-19,10567
2001-11-20,10536
2001-11-21,10439
2001-11-22,10551
2001-11-23,10493
2001-11-26,10349
2001-11-27,10428
2001-11-28,10400
2001-11-29,10412
2001-11-30,10468
2001-12-03,10461
2001-12-04,10474
2001-12-05,10470
2001-12-06,10403
2001-12-07,10364
2001-12-10,10249
2001-12-11,10161
2001-12-12,10025
2001-12-13,10109
2001-12-14,10199
2001-12-17,10196
2001-12-18,10154
2001-12-19,10094
2001-12-20,10130
2001-12-21,10188
2001-12-24,10192
2001-12-27,10408
2001-12-28,10470
2002-01-02,10425
2002-01-03,10372
2002-01-04,10419
2002-01-07,10375
2002-01-08,10424
2002-01-09,10424
2002-01-10,10431
2002-01-11,10440
2002-01-14,10401
2002-01-15,10387
2002-01-16,10388
2002-01-17,10390
2002-01-18,10395
2002-01-21,10386
2002-01-22,10398
2002-01-23,10400
2002-01-24,10386
2002-01-25,10440
2002-01-28,10389
2002-01-29,10290
2002-01-30,10326
2002-01-31,10316
2002-02-01,10322
2002-02-04,10315
2002-02-05,10303
2002-02-06,10328
2002-02-07,10275
2002-02-08,10252
2002-02-11,10209
2002-02-12,10177
2002-02-13,10188
2002-02-14,10228
2002-02-15,10248
2002-02-18,10233
2002-02-19,10185
2002-02-20,10185
2002-02-21,10203
2002-02-22,10205
2002-02-25,10179
2002-02-26,10175
2002-02-27,10185
2002-02-28,10149
2002-03-01,10101
2002-03-04,10073
2002-03-05,9982
2002-03-06,9955
2002-03-07,9938
2002-03-08,10013
2002-03-11,9945
2002-03-12,9969
2002-03-13,9974
2002-03-14,9982
2002-03-15,10003
2002-03-18,9970
2002-03-19,9965
2002-03-20,9891
2002-03-21,9870
2002-03-22,9826
2002-03-25,9707
2002-03-26,9577
2002-03-27,9659
2002-03-28,9823
2002-04-02,9768
2002-04-03,9803
2002-04-04,9655
2002-04-05,9589
2002-04-08,9549
2002-04-09,9670
2002-04-10,9582
2002-04-11,9550
2002-04-12,9544
2002-04-15,9391
2002-04-16,9447
2002-04-17,9431
2002-04-18,9393
2002-04-19,9351
2002-04-22,9351
2002-04-23,9430
2002-04-24,9325
2002-04-25,9373
2002-04-26,9307
2002-04-29,9321
2002-04-30,9332
2002-05-02,9340
2002-05-03,9307
2002-05-06,9289
2002-05-07,9294
2002-05-08,9284
2002-05-09,9287
2002-05-10,9285
2002-05-13,9276
2002-05-14,9269
2002-05-15,9239
2002-05-16,9154
2002-05-17,9088
2002-05-20,9032
2002-05-21,9032
2002-05-22,9066
2002-05-23,8950
2002-05-24,8961
2002-05-27,8905
2002-05-28,8868
2002-05-29,8850
2002-05-30,8839
2002-05-31,8692
2002-06-03,8546
2002-06-04,8654
2002-06-05,8928
2002-06-06,9049
2002-06-07,8895
2002-06-10,8730
2002-06-11,8779
2002-06-12,8740
2002-06-13,8748
2002-06-14,8731
2002-06-17,8687
2002-06-18,8659
2002-06-19,8625
2002-06-20,8601
2002-06-21,8633
2002-06-24,8593
2002-06-25,8655
2002-06-26,8677
2002-06-27,8645
2002-06-28,8714
2002-07-01,8702
2002-07-02,8801
2002-07-03,8968
2002-07-04,8852
2002-07-05,8870
2002-07-08,8900
2002-07-09,8910
2002-07-10,8891
2002-07-11,9137
2002-07-12,9080
2002-07-15,9044
2002-07-16,9037
2002-07-17,8939
2002-07-18,8965
2002-07-19,8967
2002-07-22,8820
2002-07-23,9002
2002-07-24,9064
2002-07-25,9002
2002-07-26,9149
2002-07-29,9259
2002-07-30,9118
2002-07-31,9064
2002-08-01,9148
2002-08-02,9077
2002-08-05,9087
2002-08-06,9086
2002-08-07,9055
2002-08-08,8992
2002-08-09,8988
2002-08-12,8856
2002-08-13,8885
2002-08-14,8780
2002-08-15,8865
2002-08-16,8817
2002-08-19,8847
2002-08-20,8843
2002-08-21,8883
2002-08-22,8844
2002-08-23,8888
2002-08-26,8925
2002-08-27,8889
2002-08-28,8886
2002-08-29,8865
2002-08-30,8855
2002-09-02,8849
2002-09-03,8842
2002-09-04,8870
2002-09-05,8861
2002-09-06,8874
2002-09-09,8860
2002-09-10,8872
2002-09-11,8891
2002-09-12,8920
2002-09-13,8982
2002-09-16,9050
2002-09-17,9064
2002-09-18,9003
2002-09-19,8996
2002-09-20,9032
2002-09-23,9075
2002-09-24,9026
2002-09-25,8991
2002-09-26,9006
2002-09-27,9016
2002-09-30,8995
2002-10-01,8999
2002-10-02,9006
2002-10-03,9015
2002-10-04,9013
2002-10-07,9008
2002-10-08,8998
2002-10-09,8998
2002-10-10,9008
2002-10-11,9009
2002-10-14,9347
2002-10-15,9284
2002-10-16,9195
2002-10-17,9151
2002-10-18,9217
2002-10-21,9197
2002-10-22,9335
2002-10-23,9210
2002-10-24,9215
2002-10-25,9241
2002-10-28,9224
2002-10-29,9210
2002-10-30,9228
2002-10-31,9231
2002-11-01,9217
2002-11-04,9211
2002-11-05,9202
2002-11-06,9212
2002-11-07,9202
2002-11-08,9187
2002-11-11,9150
2002-11-12,9075
2002-11-13,9046
2002-11-14,9028
2002-11-15,9030
2002-11-18,8999
2002-11-19,8964
2002-11-20,8965
2002-11-21,9008
2002-11-22,8989
2002-11-25,8975
2002-11-26,8994
2002-11-27,8976
2002-11-28,8987
2002-11-29,8978
2002-12-02,8984
2002-12-03,8980
2002-12-04,8992
2002-12-05,9006
2002-12-06,8988
2002-12-09,8978
2002-12-10,8979
2002-12-11,8890
2002-12-12,8865
2002-12-13,8876
2002-12-16,8816
2002-12-17,8881
2002-12-18,8906
2002-12-19,8896
2002-12-20,8893
2002-12-23,8883
2002-12-24,8890
2002-12-27,8920
2002-12-30,8952
2002-12-31,8951
2003-01-02,8929
2003-01-03,8931
2003-01-06,8933
2003-01-07,8928
2003-01-08,8929
2003-01-09,8934
2003-01-10,8917
2003-01-13,8872
2003-01-14,8875
2003-01-15,8866
2003-01-16,8864
2003-01-17,8869
2003-01-20,8873
2003-01-21,8886
2003-01-22,8843
2003-01-23,8888
2003-01-24,8895
2003-01-27,8893
2003-01-28,8858
2003-01-29,8849
2003-01-30,8870
2003-01-31,8872
2003-02-03,8875
2003-02-04,8870
2003-02-05,8863
2003-02-06,8871
2003-02-07,8870
2003-02-10,8880
2003-02-11,8963
2003-02-12,8967
2003-02-13,8945
2003-02-14,8930
2003-02-17,8906
2003-02-18,8879
2003-02-19,8880
2003-02-20,8849
2003-02-21,8916
2003-02-24,8892
2003-02-25,8882
2003-02-26,8887
2003-02-27,8899
2003-02-28,8885
2003-03-03,8885
2003-03-04,8852
2003-03-05,8869
2003-03-06,8863
2003-03-07,8888
2003-03-10,8882
2003-03-11,8880
2003-03-12,8902
2003-03-13,8905
2003-03-14,8918
2003-03-17,8970
2003-03-18,9042
2003-03-19,9087
2003-03-20,9036
2003-03-21,8978
2003-03-24,8951
2003-03-25,8900
2003-03-26,8915
2003-03-27,8900
2003-03-28,8913
2003-03-31,8901
2003-04-01,8895
2003-04-02,8884
2003-04-03,8885
2003-04-04,8898
2003-04-07,8886
2003-04-08,8873
2003-04-09,8866
2003-04-10,8851
2003-04-11,8883
2003-04-14,8853
2003-04-15,8842
2003-04-16,8807
2003-04-17,8728
2003-04-22,8751
2003-04-23,8730
2003-04-24,8734
2003-04-25,8743
2003-04-28,8734
2003-04-29,8718
2003-04-30,8672
2003-05-02,8651
2003-05-05,8583
2003-05-06,8602
2003-05-07,8497
2003-05-08,8547
2003-05-09,8560
2003-05-12,8415
2003-05-13,8437
2003-05-14,8450
2003-05-15,8453
2003-05-16,8462
2003-05-19,8408
2003-05-20,8389
2003-05-21,8316
2003-05-22,8339
2003-05-23,8271
2003-05-26,8176
2003-05-27,8178
2003-05-28,8241
2003-05-29,8356
2003-05-30,8314
2003-06-02,8267
2003-06-03,8216
2003-06-04,8151
2003-06-05,8217
2003-06-06,8191
2003-06-09,8189
2003-06-10,8210
2003-06-11,8228
2003-06-12,8260
2003-06-13,8214
2003-06-16,8200
2003-06-17,8183
2003-06-18,8232
2003-06-19,8243
2003-06-20,8226
2003-06-23,8235
2003-06-24,8220
2003-06-25,8224
2003-06-26,8265
2003-06-27,8277
2003-06-30,8272
2003-07-01,8237
2003-07-02,8220
2003-07-03,8225
2003-07-04,8182
2003-07-07,8175
2003-07-08,8222
2003-07-09,8196
2003-07-10,8218
2003-07-11,8215
2003-07-14,8226
2003-07-15,8222
2003-07-16,8234
2003-07-17,8260
2003-07-18,8329
2003-07-21,8309
2003-07-22,8416
2003-07-23,8605
2003-07-24,8591
2003-07-25,8506
2003-07-28,8528
2003-07-29,8615
2003-07-30,8509
2003-07-31,8510
2003-08-01,8543
2003-08-04,8497
2003-08-05,8628
2003-08-06,8601
2003-08-07,8585
2003-08-08,8563
2003-08-11,8537
2003-08-12,8533
2003-08-13,8545
2003-08-14,8552
2003-08-15,8541
2003-08-18,8537
2003-08-19,8475
2003-08-20,8416
2003-08-21,8393
2003-08-22,8429
2003-08-25,8442
2003-08-26,8464
2003-08-27,8466
2003-08-28,8521
2003-08-29,8488
2003-09-01,8472
2003-09-02,8471
2003-09-03,8465
2003-09-04,8486
2003-09-05,8485
2003-09-08,8483
2003-09-09,8461
2003-09-10,8423
2003-09-11,8465
2003-09-12,8454
2003-09-15,8465
2003-09-16,8462
2003-09-17,8475
2003-09-18,8490
2003-09-19,8467
2003-09-22,8444
2003-09-23,8416
2003-09-24,8439
2003-09-25,8440
2003-09-26,8438
2003-09-29,8416
2003-09-30,8397
2003-10-01,8384
2003-10-02,8377
2003-10-03,8371
2003-10-06,8388
2003-10-07,8386
2003-10-08,8364
2003-10-09,8376
2003-10-10,8381
2003-10-13,8375
2003-10-14,8436
2003-10-15,8426
2003-10-16,8445
2003-10-17,8440
2003-10-20,8429
2003-10-21,8450
2003-10-22,8466
2003-10-23,8480
2003-10-24,8493
2003-10-27,8551
2003-10-28,8582
2003-10-29,8530
2003-10-30,8483
2003-10-31,8499
2003-11-03,8519
2003-11-04,8505
2003-11-05,8476
2003-11-06,8492
2003-11-07,8487
2003-11-10,8479
2003-11-11,8480
2003-11-12,8479
2003-11-13,8527
2003-11-14,8498
2003-11-17,8488
2003-11-18,8481
2003-11-19,8478
2003-11-20,8553
2003-11-21,8518
2003-11-24,8516
2003-11-25,8519
2003-11-26,8518
2003-11-27,8516
2003-11-28,8506
2003-12-01,8502
2003-12-02,8493
2003-12-03,8491
2003-12-04,8498
2003-12-05,8493
2003-12-08,8494
2003-12-09,8493
2003-12-10,8492
2003-12-11,8488
2003-12-12,8472
2003-12-15,8480
2003-12-16,8484
2003-12-17,8492
2003-12-18,8495
2003-12-19,8495
2003-12-22,8491
2003-12-23,8499
2003-12-24,8494
2003-12-29,8432
2003-12-30,8479
2003-12-31,8427
2004-01-02,8448
2004-01-05,8389
2004-01-06,8335
2004-01-07,8364
2004-01-08,8342
2004-01-09,8334
2004-01-12,8302
2004-01-13,8333
2004-01-14,8342
2004-01-15,8369
2004-01-16,8349
2004-01-19,8377
2004-01-20,8401
2004-01-21,8403
2004-01-22,8335
2004-01-23,8405
2004-01-26,8458
2004-01-27,8428
2004-01-28,8419
2004-01-29,8432
2004-01-30,8458
2004-02-02,8460
2004-02-03,8449
2004-02-04,8457
2004-02-05,8453
2004-02-06,8463
2004-02-09,8442
2004-02-10,8391
2004-02-11,8416
2004-02-12,8409
2004-02-13,8403
2004-02-16,8389
2004-02-17,8405
2004-02-18,8401
2004-02-19,8467
2004-02-20,8440
2004-02-23,8440
2004-02-24,8456
2004-02-25,8440
2004-02-26,8471
2004-02-27,8452
2004-03-01,8463
2004-03-02,8491
2004-03-03,8567
2004-03-04,8561
2004-03-05,8596
2004-03-08,8584
2004-03-09,8554
2004-03-10,8589
2004-03-11,8635
2004-03-12,8659
2004-03-15,8639
2004-03-16,8609
2004-03-17,8562
2004-03-18,8538
2004-03-19,8560
2004-03-22,8561
2004-03-23,8587
2004-03-24,8572
2004-03-25,8614
2004-03-26,8613
2004-03-29,8610
2004-03-30,8612
2004-03-31,8565
2004-04-01,8582
2004-04-02,8573
2004-04-05,8590
2004-04-06,8578
2004-04-07,8586
2004-04-08,8591
2004-04-13,8595
2004-04-14,8604
2004-04-15,8636
2004-04-16,8621
2004-04-19,8603
2004-04-20,8615
2004-04-21,8651
2004-04-22,8652
2004-04-23,8620
2004-04-26,8628
2004-04-27,8622
2004-04-28,8643
2004-04-29,8705
2004-04-30,8785
2004-05-03,8706
2004-05-04,8721
2004-05-05,8695
2004-05-06,8706
2004-05-07,8733
2004-05-10,8976
2004-05-11,8992
2004-05-12,8954
2004-05-13,8996
2004-05-14,9036
2004-05-17,9010
2004-05-18,9071
2004-05-19,9049
2004-05-20,9052
2004-05-21,8970
2004-05-24,9123
2004-05-25,9266
2004-05-26,9257
2004-05-27,9290
2004-05-28,9271
2004-05-31,9273
2004-06-01,9366
2004-06-02,9446
2004-06-03,9445
2004-06-04,9450
2004-06-07,9317
2004-06-08,9248
2004-06-09,9283
2004-06-10,9368
2004-06-11,9382
2004-06-14,9388
2004-06-15,9415
2004-06-16,9402
2004-06-17,9395
2004-06-18,9407
2004-06-21,9401
2004-06-22,9410
2004-06-23,9423
2004-06-24,9420
2004-06-25,9417
2004-06-28,9420
2004-06-29,9406
2004-06-30,9400
2004-07-01,9297
2004-07-02,9148
2004-07-05,9145
2004-07-06,8990
2004-07-07,9005
2004-07-08,8993
2004-07-09,8922
2004-07-12,8816
2004-07-13,8937
2004-07-14,8959
2004-07-15,8970
2004-07-16,8913
2004-07-19,8959
2004-07-20,8976
2004-07-21,9017
2004-07-22,9059
2004-07-23,9083
2004-07-26,9136
2004-07-27,9069
2004-07-28,9127
2004-07-29,9188
2004-07-30,9129
2004-08-02,9136
2004-08-03,9179
2004-08-04,9228
2004-08-05,9182
2004-08-06,9192
2004-08-09,9185
2004-08-10,9213
2004-08-11,9261
2004-08-12,9242
2004-08-13,9254
2004-08-16,9288
2004-08-17,9286
2004-08-18,9273
2004-08-19,9256
2004-08-20,9231
2004-08-23,9275
2004-08-24,9265
2004-08-25,9277
2004-08-26,9307
2004-08-27,9313
2004-08-30,9336
2004-08-31,9375
2004-09-01,9317
2004-09-02,9270
2004-09-03,9265
2004-09-06,9278
2004-09-07,9276
2004-09-08,9304
2004-09-09,9303
2004-09-10,9275
2004-09-13,9251
2004-09-14,9113
2004-09-15,9105
2004-09-16,9004
2004-09-17,9037
2004-09-20,9039
2004-09-21,9026
2004-09-22,9165
2004-09-23,9126
2004-09-24,9113
2004-09-27,9194
2004-09-28,9230
2004-09-29,9187
2004-09-30,9160
2004-10-01,9148
2004-10-04,9085
2004-10-05,9102
2004-10-06,9107
2004-10-07,9097
2004-10-08,9091
2004-10-11,9085
2004-10-12,9139
2004-10-13,9142
2004-10-14,9098
2004-10-15,9098
2004-10-18,9111
2004-10-19,9081
2004-10-20,9082
2004-10-21,9110
2004-10-22,9093
2004-10-25,9071
2004-10-26,9091
2004-10-27,9099
2004-10-28,9157
2004-10-29,9095
2004-11-01,9087
2004-11-02,9098
2004-11-03,9127
2004-11-04,9072
2004-11-05,9071
2004-11-08,8953
2004-11-09,9003
2004-11-10,9044
2004-11-11,9067
2004-11-12,9040
2004-11-15,8990
2004-11-16,8992
2004-11-17,8999
2004-11-18,8998
2004-11-19,9003
2004-11-22,9004
2004-11-23,9003
2004-11-24,8978
2004-11-25,8964
2004-11-26,9002
2004-11-29,9016
2004-11-30,9026
2004-12-01,9010
2004-12-02,9030
2004-12-03,9046
2004-12-06,9062
2004-12-07,9094
2004-12-08,9184
2004-12-09,9166
2004-12-10,9262
2004-12-13,9283
2004-12-14,9320
2004-12-15,9257
2004-12-16,9273
2004-12-17,9304
2004-12-20,9311
2004-12-21,9322
2004-12-22,9333
2004-12-23,9290
2004-12-24,9267
2004-12-27,9304
2004-12-28,9324
2004-12-29,9333
2004-12-30,9335
2004-12-31,9290
2005-01-03,9291
2005-01-04,9291
2005-01-05,9312
2005-01-06,9315
2005-01-07,9289
2005-01-10,9290
2005-01-11,9285
2005-01-12,9198
2005-01-13,9141
2005-01-14,9164
2005-01-17,9135
2005-01-18,9158
2005-01-19,9162
2005-01-20,9158
2005-01-21,9155
2005-01-24,9138
2005-01-25,9145
2005-01-26,9146
2005-01-27,9152
2005-01-28,9151
2005-01-31,9170
2005-02-01,9235
2005-02-02,9189
2005-02-03,9202
2005-02-04,9194
2005-02-07,9211
2005-02-08,9290
2005-02-09,9292
2005-02-10,9289
2005-02-11,9270
2005-02-14,9247
2005-02-15,9272
2005-02-16,9291
2005-02-17,9295
2005-02-18,9258
2005-02-21,9270
2005-02-22,9204
2005-02-23,9246
2005-02-24,9244
2005-02-25,9272
2005-02-28,9257
2005-03-01,9274
2005-03-02,9288
2005-03-03,9292
2005-03-04,9356
2005-03-07,9330
2005-03-08,9386
2005-03-09,9341
2005-03-10,9365
2005-03-11,9365
2005-03-14,9379
2005-03-15,9357
2005-03-16,9339
2005-03-17,9364
2005-03-18,9365
2005-03-21,9406
2005-03-22,9395
2005-03-23,9404
2005-03-24,9411
2005-03-29,9516
2005-03-30,9507
2005-03-31,9469
2005-04-01,9470
2005-04-04,9485
2005-04-05,9495
2005-04-06,9480
2005-04-07,9490
2005-04-08,9500
2005-04-11,9490
2005-04-12,9487
2005-04-13,9482
2005-04-14,9520
2005-04-15,9537
2005-04-18,9580
2005-04-19,9575
2005-04-20,9585
2005-04-21,9675
2005-04-22,9675
2005-04-25,9750
2005-04-26,9685
2005-04-27,9560
2005-04-28,9580
2005-04-29,9560
2005-05-02,9535
2005-05-03,9535
2005-05-04,9510
2005-05-05,9510
2005-05-06,9487
2005-05-09,9482
2005-05-10,9455
2005-05-11,9456
2005-05-12,9470
2005-05-13,9475
2005-05-16,9475
2005-05-17,9425
2005-05-18,9450
2005-05-19,9450
2005-05-20,9450
2005-05-23,9470
2005-05-24,9470
2005-05-25,9476
2005-05-26,9490
2005-05-27,9488
2005-05-30,9486
2005-05-31,9508
2005-06-01,9575
2005-06-02,9575
2005-06-03,9580
2005-06-06,9593
2005-06-07,9555
2005-06-08,9585
2005-06-09,9625
2005-06-10,9600
2005-06-13,9630
2005-06-14,9605
2005-06-15,9607
2005-06-16,9628
2005-06-17,9620
2005-06-20,9642
2005-06-21,9664
2005-06-22,9665
2005-06-23,9650
2005-06-24,9650
2005-06-27,9663
2005-06-28,9700
2005-06-29,9717
2005-06-30,9763
2005-07-01,9775
2005-07-04,9865
2005-07-05,9875
2005-07-06,9780
2005-07-07,9800
2005-07-08,9803
2005-07-11,9763
2005-07-12,9782
2005-07-13,9785
2005-07-14,9808
2005-07-15,9770
2005-07-18,9805
2005-07-19,9819
2005-07-20,9845
2005-07-21,9765
2005-07-22,9786
2005-07-25,9815
2005-07-26,9828
2005-07-27,9831
2005-07-28,9829
2005-07-29,9805
2005-08-01,9782
2005-08-02,9750
2005-08-03,9760
2005-08-04,9740
2005-08-05,9745
2005-08-08,9770
2005-08-09,9795
2005-08-10,9765
2005-08-11,9812
2005-08-12,9800
2005-08-15,9878
2005-08-16,9910
2005-08-17,9900
2005-08-18,9965
2005-08-19,9985
2005-08-22,10004
2005-08-23,10073
2005-08-24,10270
2005-08-25,10325
2005-08-26,10385
2005-08-29,10684
2005-08-30,10450
2005-08-31,10295
2005-09-01,10350
2005-09-02,10350
2005-09-05,10300
2005-09-06,10345
2005-09-07,10360
2005-09-08,10350
2005-09-09,10210
2005-09-12,10100
2005-09-13,10075
2005-09-14,10000
2005-09-15,10065
2005-09-16,10150
2005-09-19,10150
2005-09-20,10185
2005-09-21,10215
2005-09-22,10225
2005-09-23,10225
2005-09-26,10230
2005-09-27,10275
2005-09-28,10370
2005-09-29,10305
2005-09-30,10290
2005-10-03,10300
2005-10-04,10195
2005-10-05,10030
2005-10-06,10075
2005-10-07,10027
2005-10-10,10100
2005-10-11,10070
2005-10-12,10110
2005-10-13,10145
2005-10-14,10110
2005-10-17,10110
2005-10-18,10105
2005-10-19,10105
2005-10-20,10085
2005-10-21,10060
2005-10-24,10060
2005-10-25,9975
2005-10-26,9992
2005-10-27,10020
2005-10-28,10025
2005-10-31,10115
2005-11-01,10109
2005-11-02,10060
2005-11-03,10051
2005-11-04,10055
2005-11-07,10070
2005-11-08,10105
2005-11-09,9940
2005-11-10,9978
2005-11-11,9987
2005-11-14,10003
2005-11-15,10010
2005-11-16,10010
2005-11-17,10050
2005-11-18,10095
2005-11-21,10035
2005-11-22,10060
2005-11-23,10055
2005-11-24,10055
2005-11-25,10052
2005-11-28,10055
2005-11-29,10040
2005-11-30,10035
2005-12-01,10032
2005-12-02,9995
2005-12-05,9960
2005-12-06,9925
2005-12-07,9835
2005-12-08,9775
2005-12-09,9680
2005-12-12,9754
2005-12-13,9783
2005-12-14,9800
2005-12-15,9835
2005-12-16,9880
2005-12-19,9855
2005-12-20,9855
2005-12-21,9825
2005-12-22,9835
2005-12-23,9860
2005-12-27,9825
2005-12-28,9830
2005-12-29,9835
2005-12-30,9830
2006-01-02,9830
2006-01-03,9725
2006-01-04,9655
2006-01-05,9592
2006-01-06,9570
2006-01-09,9460
2006-01-10,9455
2006-01-11,9465
2006-01-12,9370
2006-01-13,9372
2006-01-16,9475
2006-01-17,9470
2006-01-18,9504
2006-01-19,9397
2006-01-20,9435
2006-01-23,9450
2006-01-24,9492
2006-01-25,9347
2006-01-26,9360
2006-01-27,9375
2006-01-30,9388
2006-01-31,9374
2006-02-01,9330
2006-02-02,9350
2006-02-03,9310
2006-02-06,9220
2006-02-07,9190
2006-02-08,9265
2006-02-09,9235
2006-02-10,9230
2006-02-13,9235
2006-02-14,9228
2006-02-15,9217
2006-02-16,9222
2006-02-17,9242
2006-02-20,9231
2006-02-21,9263
2006-02-22,9355
2006-02-23,9265
2006-02-24,9292
2006-02-27,9235
2006-02-28,9182
2006-03-01,9183
2006-03-02,9190
2006-03-03,9185
2006-03-06,9185
2006-03-07,9252
2006-03-08,9315
2006-03-09,9304
2006-03-10,9240
2006-03-13,9245
2006-03-14,9168
2006-03-15,9145
2006-03-16,9170
2006-03-17,9150
2006-03-20,9148
2006-03-21,9115
2006-03-22,9089
2006-03-23,9015
2006-03-24,9120
2006-03-27,9045
2006-03-28,9053
2006-03-29,9150
2006-03-30,9135
2006-03-31,9065
2006-04-03,9028
2006-04-04,8990
2006-04-05,9015
2006-04-06,9005
2006-04-07,8990
2006-04-10,8983
2006-04-11,8995
2006-04-12,9008
2006-04-13,8987
2006-04-18,8982
2006-04-19,8905
2006-04-20,8885
2006-04-21,8885
2006-04-24,8837
2006-04-25,8813
2006-04-26,8813
2006-04-27,8803
2006-04-28,8807
2006-05-02,8783
2006-05-03,8775
2006-05-04,8796
2006-05-05,8790
2006-05-08,8735
2006-05-09,8740
2006-05-10,8722
2006-05-11,8730
2006-05-12,8735
2006-05-15,9130
2006-05-16,9215
2006-05-17,8930
2006-05-18,9185
2006-05-19,9210
2006-05-22,9325
2006-05-23,9260
2006-05-24,9380
2006-05-25,9375
2006-05-26,9260
2006-05-29,9218
2006-05-30,9190
2006-05-31,9255
2006-06-01,9340
2006-06-02,9265
2006-06-05,9280
2006-06-06,9345
2006-06-07,9372
2006-06-08,9425
2006-06-09,9400
2006-06-12,9420
2006-06-13,9495
2006-06-14,9479
2006-06-15,9382
2006-06-16,9300
2006-06-19,9380
2006-06-20,9380
2006-06-21,9363
2006-06-22,9358
2006-06-23,9402
2006-06-26,9400
2006-06-27,9355
2006-06-28,9340
2006-06-29,9366
2006-06-30,9263
2006-07-03,9150
2006-07-04,9064
2006-07-05,9120
2006-07-06,9120
2006-07-07,9070
2006-07-10,9050
2006-07-11,9045
2006-07-12,9110
2006-07-13,9105
2006-07-14,9175
2006-07-17,9294
2006-07-18,9240
2006-07-19,9255
2006-07-20,9165
2006-07-21,9146
2006-07-24,9185
2006-07-25,9120
2006-07-26,9100
2006-07-27,9070
2006-07-28,9095
2006-07-31,9095
2006-08-01,9100
2006-08-02,9110
2006-08-03,9107
2006-08-04,9085
2006-08-07,9070
2006-08-08,9090
2006-08-09,9090
2006-08-10,9048
2006-08-11,9074
2006-08-14,9090
2006-08-15,9095
2006-08-16,9092
2006-08-17,9092
2006-08-18,9066
2006-08-21,9066
2006-08-22,9070
2006-08-23,9099
2006-08-24,9140
2006-08-25,9133
2006-08-28,9123
2006-08-29,9093
2006-08-30,9120
2006-08-31,9097
2006-09-01,9096
2006-09-04,9083
2006-09-05,9080
2006-09-06,9088
2006-09-07,9120
2006-09-08,9127
2006-09-11,9135
2006-09-12,9152
2006-09-13,9113
2006-09-14,9132
2006-09-15,9120
2006-09-18,9150
2006-09-19,9158
2006-09-20,9168
2006-09-21,9140
2006-09-22,9190
2006-09-25,9247
2006-09-26,9204
2006-09-27,9210
2006-09-28,9225
2006-09-29,9225
2006-10-02,9205
2006-10-03,9205
2006-10-04,9220
2006-10-05,9210
2006-10-06,9207
2006-10-09,9228
2006-10-10,9225
2006-10-11,9223
2006-10-12,9220
2006-10-13,9206
2006-10-16,9166
2006-10-17,9155
2006-10-18,9157
2006-10-19,9160
2006-10-20,9158
2006-10-23,9165
2006-10-24,9165
2006-10-25,9130
2006-10-26,9110
2006-10-27,9105
2006-10-30,9100
2006-10-31,9112
2006-11-01,9102
2006-11-02,9112
2006-11-03,9115
2006-11-06,9133
2006-11-07,9127
2006-11-08,9108
2006-11-09,9122
2006-11-10,9116
2006-11-13,9128
2006-11-14,9128
2006-11-15,9182
2006-11-16,9156
2006-11-17,9163
2006-11-20,9153
2006-11-21,9140
2006-11-22,9134
2006-11-23,9131
2006-11-24,9141
2006-11-27,9141
2006-11-28,9185
2006-11-29,9166
2006-11-30,9165
2006-12-01,9170
2006-12-04,9150
2006-12-05,9116
2006-12-06,9120
2006-12-07,9073
2006-12-08,9070
2006-12-11,9088
2006-12-12,9067
2006-12-13,9070
2006-12-14,9068
2006-12-15,9086
2006-12-18,9087
2006-12-19,9140
2006-12-20,9090
2006-12-21,9070
2006-12-22,9077
2006-12-27,9033
2006-12-28,9037
2006-12-29,8993
2007-01-02,8987
2007-01-03,8970
2007-01-04,9010
2007-01-05,9013
2007-01-08,9040
2007-01-09,9035
2007-01-10,9080
2007-01-11,9120
2007-01-12,9130
2007-01-15,9115
2007-01-16,9073
2007-01-17,9108
2007-01-18,9103
2007-01-19,9078
2007-01-22,9090
2007-01-23,9085
2007-01-24,9079
2007-01-25,9095
2007-01-26,9120
2007-01-29,9122
2007-01-30,9100
2007-01-31,9100
2007-02-01,9081
2007-02-02,9077
2007-02-05,9065
2007-02-06,9054
2007-02-07,9038
2007-02-08,9052
2007-02-09,9053
2007-02-12,9044
2007-02-13,9075
2007-02-14,9068
2007-02-15,9041
2007-02-16,9050
2007-02-19,9074
2007-02-20,9063
2007-02-21,9069
2007-02-22,9081
2007-02-23,9079
2007-02-26,9068
2007-02-27,9092
2007-02-28,9132
2007-03-01,9152
2007-03-02,9167
2007-03-05,9255
2007-03-06,9220
2007-03-07,9210
2007-03-08,9173
2007-03-09,9176
2007-03-12,9172
2007-03-13,9215
2007-03-14,9219
2007-03-15,9226
2007-03-16,9226
2007-03-19,9225
2007-03-20,9155
2007-03-21,9135
2007-03-22,9106
2007-03-23,9110
2007-03-26,9104
2007-03-27,9120
2007-03-28,9150
2007-03-29,9127
2007-03-30,9125
2007-04-02,9114
2007-04-03,9093
2007-04-04,9116
2007-04-05,9100
2007-04-10,9100
2007-04-11,9085
2007-04-12,9111
2007-04-13,9096
2007-04-16,9092
2007-04-17,9088
2007-04-18,9090
2007-04-19,9102
2007-04-20,9091
2007-04-23,9090
2007-04-24,9088
2007-04-25,9082
2007-04-26,9080
2007-04-27,9077
2007-04-30,9083
2007-05-02,9073
2007-05-03,9046
2007-05-04,8974
2007-05-07,8885
2007-05-08,8889
2007-05-09,8815
2007-05-10,8765
2007-05-11,8870
2007-05-14,8800
2007-05-15,8805
2007-05-16,8805
2007-05-17,8795
2007-05-18,8820
2007-05-21,8760
2007-05-22,8679
2007-05-23,8710
2007-05-24,8740
2007-05-25,8750
2007-05-28,8743
2007-05-29,8815
2007-05-30,8840
2007-05-31,8830
2007-06-01,8827
2007-06-04,8775
2007-06-05,8795
2007-06-06,8905
2007-06-07,8875
2007-06-08,9105
2007-06-11,9075
2007-06-12,8980
2007-06-13,9083
2007-06-14,9070
2007-06-15,9045
2007-06-18,8900
2007-06-19,8925
2007-06-20,8945
2007-06-21,9015
2007-06-22,9005
2007-06-25,9035
2007-06-26,9080
2007-06-27,9133
2007-06-28,9078
2007-06-29,9035
2007-07-02,9013
2007-07-03,9015
2007-07-04,9007
2007-07-05,9010
2007-07-06,9045
2007-07-09,9020
2007-07-10,8998
2007-07-11,9032
2007-07-12,9060
2007-07-13,9023
2007-07-16,9045
2007-07-17,9055
2007-07-18,9100
2007-07-19,9090
2007-07-20,9057
2007-07-23,9072
2007-07-24,9042
2007-07-25,9105
2007-07-26,9138
2007-07-27,9195
2007-07-30,9210
2007-07-31,9225
2007-08-01,9305
2007-08-02,9300
2007-08-03,9273
2007-08-06,9300
2007-08-07,9335
2007-08-08,9295
2007-08-09,9330
2007-08-10,9347
2007-08-13,9342
2007-08-14,9355
2007-08-15,9426
2007-08-16,9475
2007-08-17,9475
2007-08-20,9390
2007-08-21,9440
2007-08-22,9395
2007-08-23,9353
2007-08-24,9405
2007-08-27,9380
2007-08-28,9395
2007-08-29,9415
2007-08-30,9420
2007-08-31,9390
2007-09-03,9389
2007-09-04,9405
2007-09-05,9399
2007-09-06,9397
2007-09-07,9398
2007-09-10,9415
2007-09-11,9440
2007-09-12,9407
2007-09-13,9403
2007-09-14,9380
2007-09-17,9387
2007-09-18,9378
2007-09-19,9225
2007-09-20,9160
2007-09-21,9160
2007-09-24,9125
2007-09-25,9168
2007-09-26,9161
2007-09-27,9140
2007-09-28,9145
2007-10-01,9085
2007-10-02,9091
2007-10-03,9124
2007-10-04,9125
2007-10-05,9090
2007-10-08,9070
2007-10-09,9075
2007-10-10,9075
2007-10-11,9060
2007-10-12,9060
2007-10-15,9060
2007-10-16,9060
2007-10-17,9095
2007-10-18,9092
2007-10-19,9090
2007-10-22,9135
2007-10-23,9140
2007-10-24,9178
2007-10-25,9155
2007-10-26,9123
2007-10-29,9095
2007-10-30,9105
2007-10-31,9097
2007-11-01,9107
2007-11-02,9133
2007-11-05,9160
2007-11-06,9117
2007-11-07,9120
2007-11-08,9135
2007-11-09,9125
2007-11-12,9170
2007-11-13,9184
2007-11-14,9220
2007-11-15,9312
2007-11-16,9320
2007-11-19,9330
2007-11-20,9350
2007-11-21,9405
2007-11-22,9380
2007-11-23,9366
2007-11-26,9380
2007-11-27,9400
2007-11-28,9418
2007-11-29,9380
2007-11-30,9370
2007-12-03,9330
2007-12-04,9293
2007-12-05,9265
2007-12-06,9265
2007-12-07,9272
2007-12-10,9266
2007-12-11,9275
2007-12-12,9300
2007-12-13,9310
2007-12-14,9327
2007-12-17,9415
2007-12-18,9395
2007-12-19,9430
2007-12-20,9430
2007-12-21,9428
2007-12-24,9415
2007-12-27,9417
2007-12-28,9394
2007-12-31,9393
2008-01-02,9380
2008-01-03,9418
2008-01-04,9435
2008-01-07,9440
2008-01-08,9451
2008-01-09,9439
2008-01-10,9437
2008-01-11,9436
2008-01-14,9430
2008-01-15,9430
2008-01-16,9445
2008-01-17,9437
2008-01-18,9447
2008-01-21,9460
2008-01-22,9480
2008-01-23,9390
2008-01-24,9377
2008-01-25,9330
2008-01-28,9350
2008-01-29,9323
2008-01-30,9288
2008-01-31,9247
2008-02-01,9207
2008-02-04,9214
2008-02-05,9210
2008-02-06,9242
2008-02-07,9242
2008-02-08,9237
2008-02-11,9275
2008-02-12,9265
2008-02-13,9260
2008-02-14,9215
2008-02-15,9170
2008-02-18,9161
2008-02-19,9170
2008-02-20,9190
2008-02-21,9165
2008-02-22,9172
2008-02-25,9130
2008-02-26,9087
2008-02-27,9053
2008-02-28,9075
2008-02-29,9099
2008-03-03,9110
2008-03-04,9085
2008-03-05,9089
2008-03-06,9060
2008-03-07,9060
2008-03-10,9180
2008-03-11,9187
2008-03-12,9160
2008-03-13,9215
2008-03-14,9233
2008-03-17,9265
2008-03-18,9200
2008-03-19,9185
2008-03-20,9235
2008-03-25,9185
2008-03-26,9190
2008-03-27,9200
2008-03-28,9205
2008-03-31,9215
2008-04-01,9223
2008-04-02,9180
2008-04-03,9250
2008-04-04,9235
2008-04-07,9195
2008-04-08,9195
2008-04-09,9210
2008-04-10,9192
2008-04-11,9183
2008-04-14,9190
2008-04-15,9195
2008-04-16,9191
2008-04-17,9190
2008-04-18,9185
2008-04-21,9185
2008-04-22,9185
2008-04-23,9210
2008-04-24,9220
2008-04-25,9225
2008-04-28,9215
2008-04-29,9220
2008-04-30,9222
2008-05-02,9225
2008-05-05,9213
2008-05-06,9210
2008-05-07,9225
2008-05-08,9280
2008-05-09,9240
2008-05-12,9244
2008-05-13,9260
2008-05-14,9295
2008-05-15,9310
2008-05-16,9285
2008-05-19,9280
2008-05-20,9285
2008-05-21,9292
2008-05-22,9310
2008-05-23,9313
2008-05-26,9350
2008-05-27,9335
2008-05-28,9300
2008-05-29,9310
2008-05-30,9315
2008-06-02,9305
2008-06-03,9310
2008-06-04,9315
2008-06-05,9305
2008-06-06,9325
2008-06-09,9335
2008-06-10,9335
2008-06-11,9305
2008-06-12,9325
2008-06-13,9310
2008-06-16,9315
2008-06-17,9303
2008-06-18,9285
2008-06-19,9287
2008-06-20,9260
2008-06-23,9273
2008-06-24,9263
2008-06-25,9255
2008-06-26,9195
2008-06-27,9215
2008-06-30,9230
2008-07-01,9220
2008-07-02,9215
2008-07-03,9210
2008-07-04,9212
2008-07-07,9210
2008-07-08,9205
2008-07-09,9173
2008-07-10,9159
2008-07-11,9158
2008-07-14,9151
2008-07-15,9140
2008-07-16,9141
2008-07-17,9148
2008-07-18,9148
2008-07-21,9152
2008-07-22,9148
2008-07-23,9142
2008-07-24,9132
2008-07-25,9122
2008-07-28,9119
2008-07-29,9123
2008-07-30,9123
2008-07-31,9095
2008-08-01,9096
2008-08-04,9087
2008-08-05,9078
2008-08-06,9072
2008-08-07,9100
2008-08-08,9170
2008-08-11,9175
2008-08-12,9170
2008-08-13,9180
2008-08-14,9180
2008-08-15,9190
2008-08-18,9190
2008-08-19,9188
2008-08-20,9160
2008-08-21,9151
2008-08-22,9140
2008-08-25,9160
2008-08-26,9175
2008-08-27,9160
2008-08-28,9160
2008-08-29,9150
2008-09-01,9160
2008-09-02,9210
2008-09-03,9207
2008-09-04,9211
2008-09-05,9375
2008-09-08,9299
2008-09-09,9320
2008-09-10,9330
2008-09-11,9425
2008-09-12,9430
2008-09-15,9450
2008-09-16,9455
2008-09-17,9400
2008-09-18,9400
2008-09-19,9375
2008-09-22,9290
2008-09-23,9330
2008-09-24,9335
2008-09-25,9373
2008-09-26,9385
2008-09-29,9443
2008-09-30,9430
2008-10-01,9496
2008-10-02,9430
2008-10-03,9430
2008-10-06,9590
2008-10-07,9550
2008-10-08,9671
2008-10-09,9625
2008-10-10,9860
2008-10-13,9820
2008-10-14,9720
2008-10-15,9780
2008-10-16,9975
2008-10-17,9802
2008-10-20,9845
2008-10-21,9845
2008-10-22,9900
2008-10-23,10000
2008-10-24,10213
2008-10-27,10950
2008-10-28,10800
2008-10-29,10800
2008-10-30,10675
2008-10-31,10900
2008-11-03,11000
2008-11-04,10900
2008-11-05,10988
2008-11-06,11000
2008-11-07,11100
2008-11-10,11000
2008-11-11,11375
2008-11-12,11550
2008-11-13,11850
2008-11-14,11800
2008-11-17,11900
2008-11-18,12075
2008-11-19,12200
2008-11-20,12250
2008-11-21,12400
2008-11-24,12550
2008-11-25,12500
2008-11-26,12350
2008-11-27,12375
2008-11-28,12250
2008-12-01,12400
2008-12-02,12500
2008-12-03,12100
2008-12-04,11925
2008-12-05,11650
2008-12-08,11650
2008-12-09,11050
2008-12-10,10975
2008-12-11,11050
2008-12-12,11300
2008-12-15,11190
2008-12-16,11163
2008-12-17,11025
2008-12-18,11050
2008-12-19,11075
2008-12-22,11300
2008-12-23,11175
2008-12-24,11225
2008-12-29,11100
2008-12-30,11000
2008-12-31,10950
2009-01-02,11100
2009-01-05,11100
2009-01-06,11000
2009-01-07,10850
2009-01-08,11030
2009-01-09,10988
2009-01-12,11175
2009-01-13,11262
2009-01-14,11127
2009-01-15,11255
2009-01-16,11028
2009-01-19,11090
2009-01-20,11309
2009-01-21,11200
2009-01-22,11250
2009-01-23,11330
2009-01-26,11330
2009-01-27,11325
2009-01-28,11325
2009-01-29,11375
2009-01-30,11400
2009-02-02,11763
2009-02-03,11675
2009-02-04,11750
2009-02-05,11663
2009-02-06,11775
2009-02-09,11765
2009-02-10,11820
2009-02-11,11850
2009-02-12,11960
2009-02-13,11850
2009-02-16,11960
2009-02-17,12300
2009-02-18,12050
2009-02-19,12080
2009-02-20,12100
2009-02-23,11920
2009-02-24,12000
2009-02-25,12025
2009-02-26,12038
2009-02-27,11980
2009-03-02,12080
2009-03-03,11995
2009-03-04,12070
2009-03-05,12125
2009-03-06,12090
2009-03-09,12010
2009-03-10,11945
2009-03-11,12025
2009-03-12,12070
2009-03-13,11975
2009-03-16,11950
2009-03-17,12000
2009-03-18,11940
2009-03-19,11965
2009-03-20,11790
2009-03-23,11575
2009-03-24,11400
2009-03-25,11675
2009-03-26,11610
2009-03-27,11497
2009-03-30,11555
2009-03-31,11700
2009-04-01,11680
2009-04-02,11480
2009-04-03,11458
2009-04-06,11325
2009-04-07,11375
2009-04-08,11328
2009-04-09,11375
2009-04-14,10900
2009-04-15,10895
2009-04-16,10700
2009-04-17,10750
2009-04-20,10740
2009-04-21,10875
2009-04-22,10900
2009-04-23,10925
2009-04-24,10800
2009-04-27,10825
2009-04-28,10880
2009-04-29,10805
2009-04-30,10600
2009-05-04,10510
2009-05-05,10525
2009-05-06,10423
2009-05-07,10395
2009-05-08,10365
2009-05-11,10399
2009-05-12,10357
2009-05-13,10346
2009-05-14,10390
2009-05-15,10435
2009-05-18,10379
2009-05-19,10245
2009-05-20,10294
2009-05-21,10373
2009-05-22,10228
2009-05-25,10198
2009-05-26,10267
2009-05-27,10388
2009-05-28,10325
2009-05-29,10313
2009-06-01,10231
2009-06-02,10261
2009-06-03,10120
2009-06-04,10087
2009-06-05,9931
2009-06-08,10078
2009-06-09,10077
2009-06-10,10006
2009-06-11,10130
2009-06-12,10096
2009-06-15,10173
2009-06-16,10225
2009-06-17,10277
2009-06-18,10281
2009-06-19,10401
2009-06-22,10459
2009-06-23,10511
2009-06-24,10381
2009-06-25,10279
2009-06-26,10221
2009-06-29,10269
2009-06-30,10208
2009-07-01,10231
2009-07-02,10231
2009-07-03,10190
2009-07-06,10230
2009-07-07,10253
2009-07-08,10250
2009-07-09,10145
2009-07-10,10196
2009-07-13,10240
2009-07-14,10209
2009-07-15,10133
2009-07-16,10125
2009-07-17,10177
2009-07-20,9990
2009-07-21,10056
2009-07-22,10089
2009-07-23,10027
2009-07-24,9999
2009-07-27,9967
2009-07-28,9924
2009-07-29,9957
2009-07-30,9955
2009-07-31,9950
2009-08-03,9903
2009-08-04,9878
2009-08-05,9910
2009-08-06,9935
2009-08-07,9966
2009-08-10,9930
2009-08-11,9921
2009-08-12,9995
2009-08-13,9952
2009-08-14,9967
2009-08-17,10033
2009-08-18,10023
2009-08-19,10130
2009-08-20,10059
2009-08-21,10015
2009-08-24,10006
2009-08-25,10024
2009-08-26,10096
2009-08-27,10168
2009-08-28,10049
2009-08-31,10083
2009-09-01,10114
2009-09-02,10162
2009-09-03,10110
2009-09-04,10115
2009-09-07,10061
2009-09-08,9990
2009-09-09,9924
2009-09-10,9935
2009-09-11,9914
2009-09-14,9955
2009-09-15,9925
2009-09-16,9690
2009-09-17,9697
2009-09-18,9700
2009-09-21,9701
2009-09-22,9687
2009-09-23,9701
2009-09-24,9654
2009-09-25,9655
2009-09-28,9730
2009-09-29,9725
2009-09-30,9650
2009-10-01,9626
2009-10-02,9645
2009-10-05,9549
2009-10-06,9415
2009-10-07,9428
2009-10-08,9434
2009-10-09,9455
2009-10-12,9490
2009-10-13,9446
2009-10-14,9368
2009-10-15,9341
2009-10-16,9398
2009-10-19,9399
2009-10-20,9395
2009-10-21,9428
2009-10-22,9569
2009-10-23,9435
2009-10-26,9494
2009-10-27,9586
2009-10-28,9660
2009-10-29,9594
2009-10-30,9582
2009-11-02,9560
2009-11-03,9645
2009-11-04,9510
2009-11-05,9509
2009-11-06,9460
2009-11-09,9410
2009-11-10,9415
2009-11-11,9394
2009-11-12,9426
2009-11-13,9372
2009-11-16,9395
2009-11-17,9403
2009-11-18,9413
2009-11-19,9559
2009-11-20,9468
2009-11-23,9460
2009-11-24,9517
2009-11-25,9393
2009-11-26,9444
2009-11-27,9535
2009-11-30,9467
2009-12-01,9454
2009-12-02,9435
2009-12-03,9424
2009-12-04,9415
2009-12-07,9445
2009-12-08,9507
2009-12-09,9463
2009-12-10,9441
2009-12-11,9444
2009-12-14,9470
2009-12-15,9475
2009-12-16,9484
2009-12-17,9513
2009-12-18,9505
2009-12-21,9504
2009-12-22,9485
2009-12-23,9508
2009-12-24,9478
2009-12-28,9452
2009-12-29,9439
2009-12-30,9424
2009-12-31,9459
2010-01-04,9412
2010-01-05,9337
2010-01-06,9322
2010-01-07,9274
2010-01-08,9299
2010-01-11,9152
2010-01-12,9171
2010-01-13,9149
2010-01-14,9165
2010-01-15,9215
2010-01-18,9234
2010-01-19,9289
2010-01-20,9336
2010-01-21,9334
2010-01-22,9348
2010-01-25,9336
2010-01-26,9404
2010-01-27,9424
2010-01-28,9322
2010-01-29,9359
2010-02-01,9398
2010-02-02,9354
2010-02-03,9287
2010-02-04,9346
2010-02-05,9450
2010-02-08,9405
2010-02-09,9359
2010-02-10,9368
2010-02-11,9368
2010-02-12,9339
2010-02-15,9350
2010-02-16,9314
2010-02-17,9282
2010-02-18,9315
2010-02-19,9335
2010-02-22,9296
2010-02-23,9300
2010-02-24,9314
2010-02-25,9348
2010-02-26,9324
2010-03-01,9257
2010-03-02,9300
2010-03-03,9269
2010-03-04,9268
2010-03-05,9235
2010-03-08,9186
2010-03-09,9211
2010-03-10,9173
2010-03-11,9184
2010-03-12,9130
2010-03-15,9169
2010-03-16,9168
2010-03-17,9132
2010-03-18,9138
2010-03-19,9106
2010-03-22,9128
2010-03-23,9120
2010-03-24,9132
2010-03-25,9114
2010-03-26,9113
2010-03-29,9086
2010-03-30,9080
2010-03-31,9071
2010-04-01,9096
2010-04-06,9052
2010-04-07,9052
2010-04-08,9071
2010-04-09,9035
2010-04-12,9016
2010-04-13,9033
2010-04-14,9003
2010-04-15,9008
2010-04-16,9010
2010-04-19,9049
2010-04-20,9003
2010-04-21,9011
2010-04-22,9015
2010-04-23,9011
2010-04-26,9009
2010-04-27,9007
2010-04-28,9044
2010-04-29,9013
2010-04-30,9010
2010-05-03,9027
2010-05-04,9026
2010-05-05,9145
2010-05-06,9184
2010-05-07,9225
2010-05-10,9077
2010-05-11,9094
2010-05-12,9125
2010-05-13,9104
2010-05-14,9129
2010-05-17,9129
2010-05-18,9130
2010-05-19,9192
2010-05-20,9159
2010-05-21,9265
2010-05-24,9261
2010-05-25,9350
2010-05-26,9259
2010-05-27,9267
2010-05-28,9196
2010-05-31,9162
2010-06-01,9255
2010-06-02,9261
2010-06-03,9192
2010-06-04,9183
2010-06-07,9303
2010-06-08,9311
2010-06-09,9252
2010-06-10,9239
2010-06-11,9184
2010-06-14,9096
2010-06-15,9188
2010-06-16,9168
2010-06-17,9125
2010-06-18,9157
2010-06-21,9010
2010-06-22,9024
2010-06-23,9054
2010-06-24,9061
2010-06-25,9071
2010-06-28,9031
2010-06-29,9061
2010-06-30,9064
2010-07-01,9053
2010-07-02,9065
2010-07-05,9063
2010-07-06,9067
2010-07-07,9079
2010-07-08,9063
2010-07-09,9044
2010-07-12,9054
2010-07-13,9056
2010-07-14,9044
2010-07-15,9036
2010-07-16,9045
2010-07-19,9062
2010-07-20,9083
2010-07-21,9061
2010-07-22,9054
2010-07-23,9047
2010-07-26,9032
2010-07-27,9016
2010-07-28,9002
2010-07-29,8969
2010-07-30,8940
2010-08-02,8940
2010-08-03,8937
2010-08-04,8957
2010-08-05,8933
2010-08-06,8943
2010-08-09,8933
2010-08-10,8959
2010-08-11,8984
2010-08-12,9018
2010-08-13,8979
2010-08-16,8981
2010-08-17,8963
2010-08-18,8966
2010-08-19,8969
2010-08-20,8969
2010-08-23,8977
2010-08-24,8986
2010-08-25,8983
2010-08-26,8983
2010-08-27,9047
2010-08-30,9018
2010-08-31,9047
2010-09-01,8994
2010-09-02,9008
2010-09-03,9002
2010-09-06,8989
2010-09-07,9019
2010-09-08,8993
2010-09-09,8958
2010-09-10,8946
2010-09-13,8933
2010-09-14,8964
2010-09-15,8972
2010-09-16,8961
2010-09-17,8969
2010-09-20,8978
2010-09-21,8964
2010-09-22,8947
2010-09-23,8963
2010-09-24,8955
2010-09-27,8947
2010-09-28,8956
2010-09-29,8927
2010-09-30,8919
2010-10-01,8912
2010-10-04,8937
2010-10-05,8934
2010-10-06,8919
2010-10-07,8925
2010-10-08,8933
2010-10-11,8926
2010-10-12,8939
2010-10-13,8928
2010-10-14,8918
2010-10-15,8894
2010-10-18,8932
2010-10-19,8937
2010-10-20,8939
2010-10-21,8933
2010-10-22,8941
2010-10-25,8898
2010-10-26,8921
2010-10-27,8940
2010-10-28,8936
2010-10-29,8937
2010-11-01,8922
2010-11-02,8925
2010-11-03,8918
2010-11-04,8889
2010-11-05,8904
2010-11-08,8907
2010-11-09,8907
2010-11-10,8892
2010-11-11,8910
2010-11-12,8924
2010-11-15,8962
2010-11-16,8960
2010-11-17,9005
2010-11-18,8943
2010-11-19,8962
2010-11-22,8934
2010-11-23,8987
2010-11-24,8966
2010-11-25,8967
2010-11-26,9013
2010-11-29,9028
2010-11-30,9051
2010-12-01,9006
2010-12-02,9013
2010-12-03,9003
2010-12-06,9024
2010-12-07,9003
2010-12-08,9024
2010-12-09,9020
2010-12-10,9021
2010-12-13,9016
2010-12-14,9009
2010-12-15,9028
2010-12-16,9038
2010-12-17,9032
2010-12-20,9041
2010-12-21,9041
2010-12-22,9042
2010-12-23,9051
2010-12-24,9040
2010-12-27,9033
2010-12-28,9018
2010-12-29,9000
2010-12-30,8986
2010-12-31,8982
2011-01-03,8975
2011-01-04,8981
2011-01-05,8978
2011-01-06,8997
2011-01-07,9029
2011-01-10,9098
2011-01-11,9079
2011-01-12,9031
2011-01-13,9067
2011-01-14,9013
2011-01-17,9079
2011-01-18,9052
2011-01-19,9054
2011-01-20,9063
2011-01-21,9061
2011-01-24,9077
2011-01-25,9051
2011-01-26,9038
2011-01-27,9034
2011-01-28,9029
2011-01-31,9057
2011-02-01,9029
2011-02-02,9028
2011-02-03,9048
2011-02-04,8958
2011-02-07,8939
2011-02-08,8915
2011-02-09,8925
2011-02-10,8943
2011-02-11,8952
2011-02-14,8913
2011-02-15,8894
2011-02-16,8889
2011-02-17,8876
2011-02-18,8854
2011-02-21,8850
2011-02-22,8876
2011-02-23,8853
2011-02-24,8872
2011-02-25,8837
2011-02-28,8817
2011-03-01,8799
2011-03-02,8815
2011-03-03,8806
2011-03-04,8803
2011-03-07,8783
2011-03-08,8787
2011-03-09,8772
2011-03-10,8783
2011-03-11,8781
2011-03-14,8763
2011-03-15,8827
2011-03-16,8776
2011-03-17,8782
2011-03-18,8771
2011-03-21,8727
2011-03-22,8714
2011-03-23,8710
2011-03-24,8703
2011-03-25,8716
2011-03-28,8717
2011-03-29,8714
2011-03-30,8736
2011-03-31,8705
2011-04-01,8701
2011-04-04,8668
2011-04-05,8656
2011-04-06,8652
2011-04-07,8673
2011-04-08,8648
2011-04-11,8653
2011-04-12,8652
2011-04-13,8657
2011-04-14,8689
2011-04-15,8664
2011-04-18,8675
2011-04-19,8686
2011-04-20,8650
2011-04-21,8629
2011-04-26,8647
2011-04-27,8626
2011-04-28,8583
2011-04-29,8565
2011-05-02,8542
2011-05-03,8553
2011-05-04,8552
2011-05-05,8595
2011-05-06,8579
2011-05-09,8559
2011-05-10,8554
2011-05-11,8523
2011-05-12,8597
2011-05-13,8556
2011-05-16,8601
2011-05-17,8576
2011-05-18,8562
2011-05-19,8553
2011-05-20,8546
2011-05-23,8591
2011-05-24,8568
2011-05-25,8595
2011-05-26,8584
2011-05-27,8570
2011-05-30,8547
2011-05-31,8543
2011-06-01,8542
2011-06-02,8543
2011-06-03,8526
2011-06-06,8518
2011-06-07,8512
2011-06-08,8512
2011-06-09,8523
2011-06-10,8521
2011-06-13,8548
2011-06-14,8537
2011-06-15,8549
2011-06-16,8607
2011-06-17,8596
2011-06-20,8617
2011-06-21,8600
2011-06-22,8598
2011-06-23,8603
2011-06-24,8603
2011-06-27,8624
2011-06-28,8628
2011-06-29,8605
2011-06-30,8577
2011-07-01,8539
2011-07-04,8523
2011-07-05,8532
2011-07-06,8549
2011-07-07,8546
2011-07-08,8519
2011-07-11,8538
2011-07-12,8582
2011-07-13,8543
2011-07-14,8538
2011-07-15,8542
2011-07-18,8561
2011-07-19,8547
2011-07-20,8538
2011-07-21,8546
2011-07-22,8527
2011-07-25,8524
2011-07-26,8507
2011-07-27,8481
2011-07-28,8503
2011-07-29,8506
2011-08-01,8459
2011-08-02,8484
2011-08-03,8478
2011-08-04,8511
2011-08-05,8578
2011-08-08,8550
2011-08-09,8588
2011-08-10,8533
2011-08-11,8559
2011-08-12,8561
2011-08-15,8540
2011-08-16,8529
2011-08-17,8516
2011-08-18,8552
2011-08-19,8565
2011-08-22,8544
2011-08-23,8544
2011-08-24,8558
2011-08-25,8595
2011-08-26,8568
2011-08-29,8548
2011-08-30,8544
2011-08-31,8530
2011-09-01,8513
2011-09-02,8532
2011-09-05,8537
2011-09-06,8559
2011-09-07,8561
2011-09-08,8562
2011-09-09,8601
2011-09-12,8621
2011-09-13,8708
2011-09-14,8784
2011-09-15,8787
2011-09-16,8777
2011-09-19,8960
2011-09-20,8902
2011-09-21,9077
2011-09-22,9107
2011-09-23,9072
2011-09-26,9088
2011-09-27,8952
2011-09-28,8968
2011-09-29,8946
2011-09-30,9075
2011-10-03,8897
2011-10-04,8901
2011-10-05,8911
2011-10-06,8922
2011-10-07,8894
2011-10-10,8919
2011-10-11,8937
2011-10-12,8906
2011-10-13,8872
2011-10-14,8857
2011-10-17,8818
2011-10-18,8819
2011-10-19,8800
2011-10-20,8823
2011-10-21,8862
2011-10-24,8849
2011-10-25,8847
2011-10-26,8875
2011-10-27,8820
2011-10-28,8791
2011-10-31,8854
2011-11-01,8895
2011-11-02,8930
2011-11-03,8968
2011-11-04,8951
2011-11-07,8960
2011-11-08,8925
2011-11-09,8909
2011-11-10,8970
2011-11-11,8963
2011-11-14,8965
2011-11-15,8994
2011-11-16,9024
2011-11-17,9015
2011-11-18,9020
2011-11-21,9023
2011-11-22,9052
2011-11-23,9048
2011-11-24,9183
2011-11-25,9067
2011-11-28,9127
2011-11-29,9156
2011-11-30,9111
2011-12-01,8996
2011-12-02,9005
2011-12-05,9033
2011-12-06,9053
2011-12-07,9031
2011-12-08,8997
2011-12-09,9044
2011-12-12,9047
2011-12-13,9108
2011-12-14,9200
2011-12-15,9111
2011-12-16,9036
2011-12-19,9069
2011-12-20,9086
2011-12-21,9071
2011-12-22,9060
2011-12-23,9056
2011-12-27,9205
2011-12-28,9198
2011-12-29,9203
2011-12-30,9066
2012-01-02,9079
2012-01-03,9235
2012-01-04,9147
2012-01-05,9197
2012-01-06,9105
2012-01-09,9148
2012-01-10,9152
2012-01-11,9160
2012-01-12,9172
2012-01-13,9162
2012-01-16,9200
2012-01-17,9106
2012-01-18,9052
2012-01-19,8978
2012-01-20,8946
2012-01-23,8945
2012-01-24,9003
2012-01-25,8892
2012-01-26,8959
2012-01-27,8984
2012-01-30,9030
2012-01-31,8983
2012-02-01,8978
2012-02-02,8955
2012-02-03,8971
2012-02-06,8985
2012-02-07,8993
2012-02-08,8884
2012-02-09,8922
2012-02-10,8984
2012-02-13,8999
2012-02-14,9003
2012-02-15,8997
2012-02-16,9013
2012-02-17,9034
2012-02-20,8997
2012-02-21,8991
2012-02-22,9053
2012-02-23,9062
2012-02-24,9149
2012-02-27,9147
2012-02-28,9028
2012-02-29,9045
2012-03-01,9087
2012-03-02,9094
2012-03-05,9130
2012-03-06,9184
2012-03-07,9175
2012-03-08,9136
2012-03-09,9134
2012-03-12,9155
2012-03-13,9174
2012-03-14,9169
2012-03-15,9171
2012-03-16,9147
2012-03-19,9125
2012-03-20,9156
2012-03-21,9155
2012-03-22,9169
2012-03-23,9159
2012-03-26,9177
2012-03-27,9157
2012-03-28,9172
2012-03-29,9165
2012-03-30,9168
2012-04-02,9141
2012-04-03,9139
2012-04-04,9154
2012-04-05,9141
2012-04-10,9161
2012-04-11,9155
2012-04-12,9165
2012-04-13,9138
2012-04-16,9174
2012-04-17,9178
2012-04-18,9180
2012-04-19,9181
2012-04-20,9179
2012-04-23,9185
2012-04-24,9191
2012-04-25,9200
2012-04-26,9187
2012-04-27,9186
2012-04-30,9186
2012-05-02,9203
2012-05-03,9251
2012-05-04,9223
2012-05-07,9208
2012-05-08,9215
2012-05-09,9229
2012-05-10,9223
2012-05-11,9188
2012-05-14,9248
2012-05-15,9263
2012-05-16,9242
2012-05-17,9244
2012-05-18,9362
2012-05-21,9303
2012-05-22,9276
2012-05-23,9312
2012-05-24,9420
2012-05-25,9523
2012-05-28,9402
2012-05-29,9492
2012-05-30,9629
2012-05-31,9527
2012-06-01,9513
2012-06-04,9432
2012-06-05,9442
2012-06-06,9381
2012-06-07,9420
2012-06-08,9470
2012-06-11,9436
2012-06-12,9422
2012-06-13,9434
2012-06-14,9437
2012-06-15,9419
2012-06-18,9410
2012-06-19,9427
2012-06-20,9443
2012-06-21,9459
2012-06-22,9452
2012-06-25,9479
2012-06-26,9477
2012-06-27,9473
2012-06-28,9473
2012-06-29,9435
2012-07-02,9387
2012-07-03,9379
2012-07-04,9354
2012-07-05,9367
2012-07-06,9436
2012-07-09,9422
2012-07-10,9433
2012-07-11,9428
2012-07-12,9471
2012-07-13,9477
2012-07-16,9469
2012-07-17,9450
2012-07-18,9471
2012-07-19,9447
2012-07-20,9459
2012-07-23,9480
2012-07-24,9488
2012-07-25,9495
2012-07-26,9480
2012-07-27,9467
2012-07-30,9465
2012-07-31,9449
2012-08-01,9447
2012-08-02,9466
2012-08-03,9471
2012-08-06,9468
2012-08-07,9464
2012-08-08,9473
2012-08-09,9472
2012-08-10,9486
2012-08-13,9490
2012-08-14,9490
2012-08-15,9506
2012-08-16,9496
2012-08-17,9506
2012-08-20,9502
2012-08-21,9491
2012-08-22,9501
2012-08-23,9485
2012-08-24,9514
2012-08-27,9521
2012-08-28,9537
2012-08-29,9554
2012-08-30,9562
2012-08-31,9549
2012-09-03,9554
2012-09-04,9574
2012-09-05,9579
2012-09-06,9569
2012-09-07,9577
2012-09-10,9571
2012-09-11,9572
2012-09-12,9571
2012-09-13,9586
2012-09-14,9505
2012-09-17,9467
2012-09-18,9507
2012-09-19,9542
2012-09-20,9549
2012-09-21,9555
2012-09-24,9563
2012-09-25,9578
2012-09-26,9595
2012-09-27,9582
2012-09-28,9575
2012-10-01,9579
2012-10-02,9581
2012-10-03,9590
2012-10-04,9589
2012-10-05,9589
2012-10-08,9599
2012-10-09,9608
2012-10-10,9609
2012-10-11,9590
2012-10-12,9591
2012-10-15,9602
2012-10-16,9594
2012-10-17,9586
2012-10-18,9604
2012-10-19,9610
2012-10-22,9610
2012-10-23,9616
2012-10-24,9611
2012-10-25,9607
2012-10-26,9644
2012-10-29,9606
2012-10-30,9615
2012-10-31,9607
2012-11-01,9622
2012-11-02,9625
2012-11-05,9625
2012-11-06,9620
2012-11-07,9612
2012-11-08,9629
2012-11-09,9628
2012-11-12,9614
2012-11-13,9628
2012-11-14,9626
2012-11-15,9624
2012-11-16,9630
2012-11-19,9629
2012-11-20,9637
2012-11-21,9635
2012-11-22,9636
2012-11-23,9624
2012-11-26,9621
2012-11-27,9601
2012-11-28,9621
2012-11-29,9612
2012-11-30,9603
2012-12-03,9600
2012-12-04,9610
2012-12-05,9630
2012-12-06,9633
2012-12-07,9623
2012-12-10,9631
2012-12-11,9635
2012-12-12,9631
2012-12-13,9634
2012-12-14,9639
2012-12-17,9641
2012-12-18,9643
2012-12-19,9650
2012-12-20,9653
2012-12-21,9659
2012-12-24,9656
2012-12-27,9664
2012-12-28,9637
2012-12-31,9636
2013-01-02,9768
2013-01-03,9654
2013-01-04,9660
2013-01-07,9667
2013-01-08,9671
2013-01-09,9661
2013-01-10,9661
2013-01-11,9635
2013-01-14,9636
2013-01-15,9645
2013-01-16,9656
2013-01-17,9650
2013-01-18,9630
2013-01-21,9616
2013-01-22,9630
2013-01-23,9627
2013-01-24,9625
2013-01-25,9651
2013-01-28,9679
2013-01-29,9680
2013-01-30,9747
2013-01-31,9698
2013-02-01,9713
2013-02-04,9676
2013-02-05,9673
2013-02-06,9705
2013-02-07,9704
2013-02-08,9670
2013-02-11,9611
2013-02-12,9644
2013-02-13,9645
2013-02-14,9659
2013-02-15,9670
2013-02-18,9679
2013-02-19,9706
2013-02-20,9679
2013-02-21,9713
2013-02-22,9707
2013-02-25,9705
2013-02-26,9708
2013-02-27,9693
2013-02-28,9675
2013-03-01,9693
2013-03-04,9715
2013-03-05,9700
2013-03-06,9696
2013-03-07,9694
2013-03-08,9684
2013-03-11,9694
2013-03-12,9689
2013-03-13,9691
2013-03-14,9704
2013-03-15,9706
2013-03-18,9712
2013-03-19,9719
2013-03-20,9725
2013-03-21,9739
2013-03-22,9754
2013-03-25,9740
2013-03-26,9736
2013-03-27,9734
2013-03-28,9721
2013-04-02,9739
2013-04-03,9747
2013-04-04,9757
2013-04-05,9746
2013-04-08,9747
2013-04-09,9722
2013-04-10,9689
2013-04-11,9710
2013-04-12,9708
2013-04-15,9719
2013-04-16,9720
2013-04-17,9712
2013-04-18,9717
2013-04-19,9709
2013-04-22,9717
2013-04-23,9725
2013-04-24,9717
2013-04-25,9717
2013-04-26,9720
2013-04-29,9719
2013-04-30,9719
2013-05-02,9737
2013-05-03,9741
2013-05-06,9734
2013-05-07,9736
2013-05-08,9729
2013-05-09,9725
2013-05-10,9737
2013-05-13,9739
2013-05-14,9742
2013-05-15,9755
2013-05-16,9758
2013-05-17,9756
2013-05-20,9763
2013-05-21,9762
2013-05-22,9765
2013-05-23,9784
2013-05-24,9796
2013-05-27,9797
2013-05-28,9801
2013-05-29,9802
2013-05-30,9812
2013-05-31,9797
2013-06-03,9805
2013-06-04,9805
2013-06-05,9806
2013-06-06,9794
2013-06-07,9802
2013-06-10,9962
2013-06-11,9824
2013-06-12,9860
2013-06-13,9881
2013-06-14,9877
2013-06-17,9887
2013-06-18,9904
2013-06-19,9908
2013-06-20,9924
2013-06-21,9930
2013-06-24,9932
2013-06-25,9928
2013-06-26,9964
2013-06-27,9926
2013-06-28,9924
2013-07-01,9953
2013-07-02,9935
2013-07-03,9940
2013-07-04,9941
2013-07-05,9975
2013-07-08,9956
2013-07-09,9957
2013-07-10,9966
2013-07-11,9967
2013-07-12,9991
2013-07-15,10017
2013-07-16,10122
2013-07-17,10043
2013-07-18,10125
2013-07-19,10078
2013-07-22,10065
2013-07-23,10224
2013-07-24,10280
2013-07-25,10273
2013-07-26,10275
2013-07-29,10269
2013-07-30,10274
2013-07-31,10261
2013-08-01,10280
2013-08-02,10287
2013-08-05,10285
2013-08-06,10284
2013-08-07,10285
2013-08-08,10287
2013-08-09,10280
2013-08-12,10299
2013-08-13,10301
2013-08-14,10321
2013-08-15,10403
2013-08-16,10505
2013-08-19,10560
2013-08-20,10729
2013-08-21,10838
2013-08-22,11138
2013-08-23,11025
2013-08-26,11125
2013-08-27,11332
2013-08-28,11210
2013-08-29,11150
2013-08-30,11272
2013-09-02,11386
2013-09-03,11457
2013-09-04,11452
2013-09-05,11605
2013-09-06,11558
2013-09-09,11458
2013-09-10,11310
2013-09-11,11342
2013-09-12,11166
2013-09-13,11224
2013-09-16,11122
2013-09-17,11182
2013-09-18,11087
2013-09-19,10859
2013-09-20,11080
2013-09-23,11164
2013-09-24,11245
2013-09-25,11477
2013-09-26,11242
2013-09-27,11328
2013-09-30,11422
2013-10-01,11355
2013-10-02,11324
2013-10-03,11301
2013-10-04,11243
2013-10-07,11219
2013-10-08,11162
2013-10-09,11149
2013-10-10,11127
2013-10-11,10903
2013-10-14,10921
2013-10-15,10940
2013-10-16,10987
2013-10-17,10859
2013-10-18,11329
2013-10-21,10876
2013-10-22,10837
2013-10-23,10967
2013-10-24,10838
2013-10-25,11015
2013-10-28,11053
2013-10-29,11103
2013-10-30,11107
2013-10-31,11271
2013-11-01,11335
2013-11-04,11355
2013-11-05,11354
2013-11-06,11282
2013-11-07,11395
2013-11-08,11409
2013-11-11,11560
2013-11-12,11517
2013-11-13,11420
2013-11-14,11395
2013-11-15,11620
2013-11-18,11633
2013-11-19,11598
2013-11-20,11511
2013-11-21,11703
2013-11-22,11473
2013-11-25,11749
2013-11-26,11763
2013-11-27,11796
2013-11-28,11790
2013-11-29,11741
2013-12-02,11770
2013-12-03,11743
2013-12-04,11900
2013-12-05,11951
2013-12-06,11930
2013-12-09,11835
2013-12-10,11906
2013-12-11,11913
2013-12-12,12048
2013-12-13,12017
2013-12-16,11983
2013-12-17,11980
2013-12-18,12070
2013-12-19,12091
2013-12-20,12194
2013-12-23,12121
2013-12-24,12147
2013-12-27,12184
2013-12-30,12217
2013-12-31,12156
2014-01-02,12153
2014-01-03,12126
2014-01-06,12164
2014-01-07,12045
2014-01-08,12044
2014-01-09,12190
2014-01-10,12016
2014-01-13,11834
2014-01-14,11845
2014-01-15,12085
2014-01-16,12121
2014-01-17,12093
2014-01-20,12093
2014-01-21,12135
2014-01-22,12142
2014-01-23,12165
2014-01-24,12163
2014-01-27,12166
2014-01-28,12142
2014-01-29,12160
2014-01-30,12193
2014-01-31,12182
2014-02-03,12240
2014-02-04,12203
2014-02-05,12152
2014-02-06,12193
2014-02-07,12161
2014-02-10,12173
2014-02-11,12145
2014-02-12,12084
2014-02-13,11985
2014-02-14,11825
2014-02-17,11785
2014-02-18,11845
2014-02-19,11753
2014-02-20,11804
2014-02-21,11744
2014-02-24,11645
2014-02-25,11643
2014-02-26,11615
2014-02-27,11665
2014-02-28,11612
2014-03-03,11599
2014-03-04,11590
2014-03-05,11587
2014-03-06,11453
2014-03-07,11387
2014-03-10,11424
2014-03-11,11444
2014-03-12,11470
2014-03-13,11395
2014-03-14,11330
2014-03-17,11292
2014-03-18,11307
2014-03-19,11314
2014-03-20,11495
2014-03-21,11424
2014-03-24,11382
2014-03-25,11413
2014-03-26,11411
2014-03-27,11415
2014-03-28,11344
2014-03-31,11360
2014-04-01,11309
2014-04-02,11292
2014-04-03,11315
2014-04-04,11322
2014-04-07,11302
2014-04-08,11287
2014-04-09,11351
2014-04-10,11416
2014-04-11,11440
2014-04-14,11438
2014-04-15,11425
2014-04-16,11437
2014-04-17,11420
2014-04-22,11531
2014-04-23,11631
2014-04-24,11609
2014-04-25,11575
2014-04-28,11588
2014-04-29,11549
2014-04-30,11560
2014-05-02,11508
2014-05-05,11518
2014-05-06,11516
2014-05-07,11575
2014-05-08,11539
2014-05-09,11495
2014-05-12,11521
2014-05-13,11519
2014-05-14,11421
2014-05-15,11420
2014-05-16,11390
2014-05-19,11415
2014-05-20,11465
2014-05-21,11508
2014-05-22,11528
2014-05-23,11613
2014-05-26,11578
2014-05-27,11596
2014-05-28,11638
2014-05-29,11618
2014-05-30,11705
2014-06-02,11774
2014-06-03,11802
2014-06-04,11887
2014-06-05,11827
2014-06-06,11832
2014-06-09,11778
2014-06-10,11806
2014-06-11,11811
2014-06-12,11787
2014-06-13,11795
2014-06-16,11823
2014-06-17,11893
2014-06-18,11983
2014-06-19,11934
2014-06-20,11972
2014-06-23,11987
2014-06-24,11991
2014-06-25,12088
2014-06-26,12104
2014-06-27,12018
2014-06-30,11896
2014-07-01,11873
2014-07-02,11916
2014-07-03,11930
2014-07-04,11843
2014-07-07,11711
2014-07-08,11629
2014-07-09,11627
2014-07-10,11580
2014-07-11,11590
2014-07-14,11670
2014-07-15,11747
2014-07-16,11700
2014-07-17,11682
2014-07-18,11621
2014-07-21,11545
2014-07-22,11595
2014-07-23,11491
2014-07-24,11568
2014-07-25,11579
2014-07-28,11576
2014-07-29,11594
2014-07-30,11575
2014-07-31,11579
2014-08-01,11812
2014-08-04,11759
2014-08-05,11710
2014-08-06,11801
2014-08-07,11796
2014-08-08,11776
2014-08-11,11709
2014-08-12,11686
2014-08-13,11693
2014-08-14,11675
2014-08-15,11684
2014-08-18,11686
2014-08-19,11679
2014-08-20,11717
2014-08-21,11688
2014-08-22,11679
2014-08-25,11714
2014-08-26,11699
2014-08-27,11679
2014-08-28,11716
2014-08-29,11706
2014-09-01,11719
2014-09-02,11748
2014-09-03,11766
2014-09-04,11772
2014-09-05,11759
2014-09-08,11725
2014-09-09,11797
2014-09-10,11815
2014-09-11,11854
2014-09-12,11835
2014-09-15,11957
2014-09-16,11957
2014-09-17,11968
2014-09-18,12025
2014-09-19,11964
2014-09-22,11988
2014-09-23,11962
2014-09-24,11959
2014-09-25,11993
2014-09-26,12052
2014-09-29,12175
2014-09-30,12213
2014-10-01,12146
2014-10-02,12150
2014-10-03,12198
2014-10-06,12189
2014-10-07,12235
2014-10-08,12251
2014-10-09,12165
2014-10-10,12236
2014-10-13,12193
2014-10-14,12217
2014-10-15,12224
2014-10-16,12279
2014-10-17,12089
2014-10-20,12015
2014-10-21,11995
2014-10-22,12003
2014-10-23,12044
2014-10-24,12075
2014-10-27,12126
2014-10-28,12126
2014-10-29,12095
2014-10-30,12150
2014-10-31,12113
2014-11-03,12127
2014-11-04,12114
2014-11-05,12199
2014-11-06,12152
2014-11-07,12196
2014-11-10,12175
2014-11-11,12223
2014-11-12,12185
2014-11-13,12189
2014-11-14,12228
2014-11-17,12197
2014-11-18,12114
2014-11-19,12160
2014-11-20,12149
2014-11-21,12079
2014-11-24,12142
2014-11-25,12156
2014-11-26,12180
2014-11-27,12167
2014-11-28,12245
2014-12-01,12285
2014-12-02,12292
2014-12-03,12301
2014-12-04,12313
2014-12-05,12313
2014-12-08,12363
2014-12-09,12346
2014-12-10,12346
2014-12-11,12379
2014-12-12,12513
2014-12-15,12854
2014-12-16,12878
2014-12-17,12660
2014-12-18,12569
2014-12-19,12424
2014-12-22,12445
2014-12-23,12451
2014-12-24,12452
2014-12-29,12404
2014-12-30,12418
2014-12-31,12417
2015-01-02,12516
2015-01-05,12613
2015-01-06,12668
2015-01-07,12714
2015-01-08,12642
2015-01-09,12634
2015-01-12,12605
2015-01-13,12598
2015-01-14,12623
2015-01-15,12534
2015-01-16,12584
2015-01-19,12618
2015-01-20,12554
2015-01-21,12495
2015-01-22,12464
2015-01-23,12480
2015-01-26,12494
2015-01-27,12484
2015-01-28,12508
2015-01-29,12620
2015-01-30,12686
2015-02-02,12706
2015-02-03,12621
2015-02-04,12640
2015-02-05,12612
2015-02-06,12607
2015-02-09,12667
2015-02-10,12698
2015-02-11,12825
2015-02-12,12817
2015-02-13,12799
2015-02-16,12731
2015-02-17,12768
2015-02-18,12880
2015-02-19,12854
2015-02-20,12843
2015-02-23,12929
2015-02-24,12919
2015-02-25,12883
2015-02-26,12846
2015-02-27,12950
2015-03-02,12970
2015-03-03,12995
2015-03-04,12995
2015-03-05,12976
2015-03-06,12936
2015-03-09,13069
2015-03-10,13094
2015-03-11,13176
2015-03-12,13136
2015-03-13,13214
2015-03-16,13241
2015-03-17,13162
2015-03-18,13177
2015-03-19,13049
2015-03-20,13061
2015-03-23,12985
2015-03-24,12922
2015-03-25,12966
2015-03-26,13037
2015-03-27,13024
2015-03-30,13069
2015-03-31,13063
2015-04-01,13038
2015-04-02,13002
2015-04-07,12992
2015-04-08,12941
2015-04-09,12891
2015-04-10,12928
2015-04-13,13005
2015-04-14,12978
2015-04-15,12938
2015-04-16,12845
2015-04-17,12797
2015-04-20,12908
2015-04-21,12958
2015-04-22,12887
2015-04-23,12947
2015-04-24,12954
2015-04-27,12990
2015-04-28,12949
2015-04-29,12919
2015-04-30,12972
2015-05-04,13022
2015-05-05,13067
2015-05-06,13056
2015-05-07,13139
2015-05-08,13124
2015-05-11,13146
2015-05-12,13208
2015-05-13,13121
2015-05-14,13041
2015-05-15,13134
2015-05-18,13143
2015-05-19,13140
2015-05-20,13141
2015-05-21,13132
2015-05-22,13149
2015-05-25,13182
2015-05-26,13213
2015-05-27,13220
2015-05-28,13198
2015-05-29,13229
2015-06-01,13198
2015-06-02,13212
2015-06-03,13245
2015-06-04,13297
2015-06-05,13294
2015-06-08,13350
2015-06-09,13332
2015-06-10,13286
2015-06-11,13307
2015-06-12,13325
2015-06-15,13329
2015-06-16,13344
2015-06-17,13345
2015-06-18,13308
2015-06-19,13320
2015-06-22,13293
2015-06-23,13280
2015-06-24,13303
2015-06-25,13313
2015-06-26,13324
2015-06-29,13355
2015-06-30,13351
2015-07-01,13343
2015-07-02,13331
2015-07-03,13332
2015-07-06,13354
2015-07-07,13335
2015-07-08,13358
2015-07-09,13324
2015-07-10,13287
2015-07-13,13299
2015-07-14,13332
2015-07-15,13336
2015-07-16,13387
2015-07-17,13343
2015-07-20,13418
2015-07-21,13375
2015-07-22,13411
2015-07-23,13418
2015-07-24,13477
2015-07-27,13497
2015-07-28,13446
2015-07-29,13464
2015-07-30,13491
2015-07-31,13555
2015-08-03,13506
2015-08-04,13479
2015-08-05,13514
2015-08-06,13528
2015-08-07,13535
2015-08-10,13526
2015-08-11,13635
2015-08-12,13747
2015-08-13,13835
2015-08-14,13775
2015-08-17,13868
2015-08-18,13814
2015-08-19,13842
2015-08-20,13910
2015-08-21,13939
2015-08-24,14049
2015-08-25,14033
2015-08-26,14108
2015-08-27,13999
2015-08-28,14018
2015-08-31,14061
2015-09-01,14112
2015-09-02,14145
2015-09-03,14205
2015-09-04,14175
2015-09-07,14309
2015-09-08,14276
2015-09-09,14246
2015-09-10,14299
2015-09-11,14301
2015-09-14,14341
2015-09-15,14422
2015-09-16,14432
2015-09-17,14479
2015-09-18,14362
2015-09-21,14471
2015-09-22,14574
2015-09-23,14616
2015-09-24,14753
2015-09-25,14655
2015-09-28,14700
2015-09-29,14675
2015-09-30,14593
2015-10-01,14669
2015-10-02,14651
2015-10-05,14422
2015-10-06,14228
2015-10-07,13751
2015-10-08,13879
2015-10-09,13507
2015-10-12,13440
2015-10-13,13638
2015-10-14,13614
2015-10-15,13453
2015-10-16,13521
2015-10-19,13624
2015-10-20,13686
2015-10-21,13748
2015-10-22,13614
2015-10-23,13585
2015-10-26,13614
2015-10-27,13651
2015-10-28,13535
2015-10-29,13681
2015-10-30,13680
2015-11-02,13653
2015-11-03,13609
2015-11-04,13483
2015-11-05,13555
2015-11-06,13549
2015-11-09,13651
2015-11-10,13632
2015-11-11,13579
2015-11-12,13627
2015-11-13,13716
2015-11-16,13780
2015-11-17,13726
2015-11-18,13825
2015-11-19,13768
2015-11-20,13595
2015-11-23,13680
2015-11-24,13725
2015-11-25,13689
2015-11-26,13766
2015-11-27,13827
2015-11-30,13843
2015-12-01,13813
2015-12-02,13801
2015-12-03,13807
2015-12-04,13846
2015-12-07,13845
2015-12-08,14068
2015-12-09,14041
2015-12-10,13947
2015-12-11,14101
2015-12-14,14136
2015-12-15,14034
2015-12-16,13988
2015-12-17,14025
2015-12-18,13931
2015-12-21,13814
2015-12-22,13662
2015-12-23,13663
2015-12-24,13632
2015-12-28,13654
2015-12-29,13724
2015-12-30,13803
2015-12-31,13815
2016-01-04,13943
2016-01-05,13846
2016-01-06,13954
2016-01-07,13930
2016-01-08,13913
2016-01-11,13846
2016-01-12,13811
2016-01-13,13820
2016-01-14,13913
2016-01-15,13989
2016-01-18,13921
2016-01-19,13811
2016-01-20,13962
2016-01-21,13908
2016-01-22,13835
2016-01-25,13856
2016-01-26,13846
2016-01-27,13860
2016-01-28,13864
2016-01-29,13707
2016-02-01,13640
2016-02-02,13687
2016-02-03,13756
2016-02-04,13627
2016-02-05,13548
2016-02-08,13674
2016-02-09,13623
2016-02-10,13447
2016-02-11,13471
2016-02-12,13492
2016-02-15,13370
2016-02-16,13432
2016-02-17,13487
2016-02-18,13489
2016-02-19,13508
2016-02-22,13445
2016-02-23,13395
2016-02-24,13447
2016-02-25,13411
2016-02-26,13370
2016-02-29,13372
2016-03-01,13337
2016-03-02,13306
2016-03-03,13235
2016-03-04,13135
2016-03-07,13090
2016-03-08,13143
2016-03-09,13171
2016-03-10,13050
2016-03-11,13061
2016-03-14,13044
2016-03-15,13178
2016-03-16,13267
2016-03-17,13040
2016-03-18,13081
2016-03-21,13198
2016-03-22,13176
2016-03-23,13214
2016-03-24,13253
2016-03-29,13362
2016-03-30,13250
2016-03-31,13197
2016-04-01,13128
2016-04-04,13148
2016-04-05,13228
2016-04-06,13254
2016-04-07,13160
2016-04-08,13145
2016-04-11,13131
2016-04-12,13091
2016-04-13,13159
2016-04-14,13192
2016-04-15,13172
2016-04-18,13171
2016-04-19,13099
2016-04-20,13159
2016-04-21,13125
2016-04-22,13203
2016-04-25,13196
2016-04-26,13217
2016-04-27,13196
2016-04-28,13186
2016-04-29,13185
2016-05-02,13160
2016-05-03,13205
2016-05-04,13316
2016-05-05,13341
2016-05-06,13369
2016-05-09,13283
2016-05-10,13308
2016-05-11,13283
2016-05-12,13286
2016-05-13,13318
2016-05-16,13308
2016-05-17,13319
2016-05-18,13389
2016-05-19,13615
2016-05-20,13625
2016-05-23,13583
2016-05-24,13680
2016-05-25,13641
2016-05-26,13603
2016-05-27,13572
2016-05-30,13645
2016-05-31,13609
2016-06-01,13669
2016-06-02,13648
2016-06-03,13579
2016-06-06,13360
2016-06-07,13247
2016-06-08,13206
2016-06-09,13288
2016-06-10,13295
2016-06-13,13322
2016-06-14,13356
2016-06-15,13367
2016-06-16,13398
2016-06-17,13326
2016-06-20,13258
2016-06-21,13262
2016-06-22,13284
2016-06-23,13137
2016-06-24,13409
2016-06-27,13397
2016-06-28,13182
2016-06-29,13144
2016-06-30,13153
2016-07-01,13110
2016-07-04,13097
2016-07-05,13128
2016-07-06,13206
2016-07-07,13180
2016-07-08,13193
2016-07-11,13103
2016-07-12,13122
2016-07-13,13046
2016-07-14,13052
2016-07-15,13088
2016-07-18,13091
2016-07-19,13088
2016-07-20,13106
2016-07-21,13117
2016-07-22,13115
2016-07-25,13137
2016-07-26,13175
2016-07-27,13144
2016-07-28,13103
2016-07-29,13102
2016-08-01,13033
2016-08-02,13069
2016-08-03,13160
2016-08-04,13155
2016-08-05,13103
2016-08-08,13126
2016-08-09,13132
2016-08-10,13079
2016-08-11,13100
2016-08-12,13106
2016-08-15,13096
2016-08-16,13081
2016-08-17,13150
2016-08-18,13136
2016-08-19,13192
2016-08-22,13228
2016-08-23,13221
2016-08-24,13285
2016-08-25,13263
2016-08-26,13203
2016-08-29,13267
2016-08-30,13265
2016-08-31,13283
2016-09-01,13283
2016-09-02,13247
2016-09-05,13139
2016-09-06,13117
2016-09-07,13060
2016-09-08,13031
2016-09-09,13132
2016-09-12,13100
2016-09-13,13186
2016-09-14,13234
2016-09-15,13175
2016-09-16,13158
2016-09-19,13167
2016-09-20,13142
2016-09-21,13135
2016-09-22,13073
2016-09-23,13077
2016-09-26,13030
2016-09-27,12934
2016-09-28,12948
2016-09-29,12975
2016-09-30,13051
2016-10-03,12982
2016-10-04,12998
2016-10-05,13034
2016-10-06,13018
2016-10-07,12986
2016-10-10,12978
2016-10-11,13044
2016-10-12,13030
2016-10-13,13078
2016-10-14,13051
2016-10-17,13058
2016-10-18,13030
2016-10-19,12995
2016-10-20,13007
2016-10-21,13074
2016-10-24,13019
2016-10-25,13006
2016-10-26,13011
2016-10-27,13033
2016-10-28,13051
2016-10-31,13040
2016-11-01,13048
2016-11-02,13052
2016-11-03,13068
2016-11-04,13088
2016-11-07,13088
2016-11-08,13097
2016-11-09,13191
2016-11-10,13285
2016-11-11,13405
2016-11-14,13357
2016-11-15,13368
2016-11-16,13471
2016-11-17,13372
2016-11-18,13427
2016-11-21,13391
2016-11-22,13426
2016-11-23,13536
2016-11-24,13550
2016-11-25,13518
2016-11-28,13530
2016-11-29,13572
2016-11-30,13552
2016-12-01,13545
2016-12-02,13520
2016-12-05,13432
2016-12-06,13383
2016-12-07,13325
2016-12-08,13287
2016-12-09,13328
2016-12-12,13328
2016-12-13,13313
2016-12-14,13288
2016-12-15,13425
2016-12-16,13390
2016-12-19,13398
2016-12-20,13469
2016-12-21,13435
2016-12-22,13473
2016-12-23,13435
2016-12-27,13449
2016-12-28,13443
2016-12-29,13462
2016-12-30,13446
2017-01-02,13528
2017-01-03,13479
2017-01-04,13384
2017-01-05,13361
2017-01-06,13365
2017-01-09,13345
2017-01-10,13290
2017-01-11,13329
2017-01-12,13251
2017-01-13,13332
2017-01-16,13366
2017-01-17,13329
2017-01-18,13342
2017-01-19,13373
2017-01-20,13410
2017-01-23,13364
2017-01-24,13322
2017-01-25,13330
2017-01-26,13379
2017-01-27,13367
2017-01-30,13333
2017-01-31,13356
2017-02-01,13368
2017-02-02,13352
2017-02-03,13345
2017-02-06,13295
2017-02-07,13328
2017-02-08,13325
2017-02-09,13255
2017-02-10,13298
2017-02-13,13321
2017-02-14,13309
2017-02-15,13322
2017-02-16,13320
2017-02-17,13332
2017-02-20,13359
2017-02-21,13373
2017-02-22,13356
2017-02-23,13327
2017-02-24,13317
2017-02-27,13363
2017-02-28,13336
2017-03-01,13362
2017-03-02,13358
2017-03-03,13383
2017-03-06,13348
2017-03-07,13347
2017-03-08,13400
2017-03-09,13398
2017-03-10,13375
2017-03-13,13356
2017-03-14,13370
2017-03-15,13360
2017-03-16,13317
2017-03-17,13345
2017-03-20,13314
2017-03-21,13319
2017-03-22,13329
2017-03-23,13317
2017-03-24,13326
2017-03-27,13303
2017-03-28,13300
2017-03-29,13309
2017-03-30,13316
2017-03-31,13318
2017-04-03,13322
2017-04-04,13328
2017-04-05,13324
2017-04-06,13320
2017-04-07,13322
2017-04-10,13280
2017-04-11,13282
2017-04-12,13284
2017-04-13,13257
2017-04-18,13296
2017-04-19,13327
2017-04-20,13323
2017-04-21,13320
2017-04-24,13279
2017-04-25,13278
2017-04-26,13296
2017-04-27,13314
2017-04-28,13329
2017-05-02,13312
2017-05-03,13305
2017-05-04,13328
2017-05-05,13330
2017-05-08,13310
2017-05-09,13350
2017-05-10,13358
2017-05-11,13343
2017-05-12,13329
2017-05-15,13299
2017-05-16,13300
2017-05-17,13312
2017-05-18,13466
2017-05-19,13312
2017-05-22,13276
2017-05-23,13300
2017-05-24,13308
2017-05-25,13297
2017-05-26,13301
2017-05-29,13315
2017-05-30,13323
2017-05-31,13308
2017-06-01,13310
2017-06-02,13311
2017-06-05,13286
2017-06-06,13295
2017-06-07,13301
2017-06-08,13298
2017-06-09,13299
2017-06-12,13298
2017-06-13,13287
2017-06-14,13282
2017-06-15,13318
2017-06-16,13297
2017-06-19,13281
2017-06-20,13293
2017-06-21,13308
2017-06-22,13327
2017-06-23,13305
2017-06-26,13303
2017-06-27,13307
2017-06-28,13327
2017-06-29,13333
2017-06-30,13327
2017-07-03,13390
2017-07-04,13366
2017-07-05,13381
2017-07-06,13388
2017-07-07,13408
2017-07-10,13399
2017-07-11,13391
2017-07-12,13370
2017-07-13,13348
2017-07-14,13339
2017-07-17,13313
2017-07-18,13300
2017-07-19,13318
2017-07-20,13335
2017-07-21,13312
2017-07-24,13321
2017-07-25,13318
2017-07-26,13318
2017-07-27,13320
2017-07-28,13334
2017-07-31,13324
2017-08-01,13324
2017-08-02,13317
2017-08-03,13325
2017-08-04,13306
2017-08-07,13321
2017-08-08,13313
2017-08-09,13332
2017-08-10,13357
2017-08-11,13364
2017-08-14,13355
2017-08-15,13364
2017-08-16,13370
2017-08-17,13354
2017-08-18,13364
2017-08-21,13352
2017-08-22,13343
2017-08-23,13350
2017-08-24,13340
2017-08-25,13345
2017-08-28,13336
2017-08-29,13351
2017-08-30,13347
2017-08-31,13346
2017-09-01,13318
2017-09-04,13331
2017-09-05,13334
2017-09-06,13329
2017-09-07,13301
2017-09-08,13163
2017-09-11,13162
2017-09-12,13200
2017-09-13,13202
2017-09-14,13267
2017-09-15,13257
2017-09-18,13255
2017-09-19,13270
2017-09-20,13281
2017-09-21,13347
2017-09-22,13300
2017-09-25,13317
2017-09-26,13392
2017-09-27,13440
2017-09-28,13493
2017-09-29,13458
2017-10-02,13567
2017-10-03,13543
2017-10-04,13454
2017-10-05,13459
2017-10-06,13513
2017-10-09,13534
2017-10-10,13489
2017-10-11,13523
2017-10-12,13509
2017-10-13,13496
2017-10-16,13482
2017-10-17,13505
2017-10-18,13516
2017-10-19,13515
2017-10-20,13510
2017-10-23,13534
2017-10-24,13551
2017-10-25,13572
2017-10-26,13598
2017-10-27,13631
2017-10-30,13575
2017-10-31,13565
2017-11-01,13584
2017-11-02,13528
2017-11-03,13493
2017-11-06,13516
2017-11-07,13528
2017-11-08,13518
2017-11-09,13525
2017-11-10,13545
2017-11-13,13565
2017-11-14,13554
2017-11-15,13535
2017-11-16,13524
2017-11-17,13528
2017-11-20,13524
2017-11-21,13527
2017-11-22,13516
2017-11-23,13482
2017-11-24,13519
2017-11-27,13502
2017-11-28,13504
2017-11-29,13504
2017-11-30,13533
2017-12-01,13532
2017-12-04,13516
2017-12-05,13513
2017-12-06,13546
2017-12-07,13548
2017-12-08,13550
2017-12-11,13546
2017-12-12,13602
2017-12-13,13607
2017-12-14,13573
2017-12-15,13577
2017-12-18,13589
2017-12-19,13582
2017-12-20,13578
2017-12-21,13549
2017-12-22,13559
2017-12-27,13554
2017-12-28,13562
2017-12-29,13540
2018-01-02,13482
2018-01-03,13455
2018-01-04,13420
2018-01-05,13420
2018-01-08,13434
2018-01-09,13442
2018-01-10,13431
2018-01-11,13399
2018-01-12,13331
2018-01-15,13307
2018-01-16,13338
2018-01-17,13359
2018-01-18,13343
2018-01-19,13314
2018-01-22,13352
2018-01-23,13344
2018-01-24,13318
2018-01-25,13293
2018-01-26,13315
2018-01-29,13399
2018-01-30,13389
2018-01-31,13376
2018-02-01,13418
2018-02-02,13466
2018-02-05,13495
2018-02-06,13575
2018-02-07,13559
2018-02-08,13648
2018-02-09,13659
2018-02-12,13637
2018-02-13,13640
2018-02-14,13616
2018-02-15,13525
2018-02-16,13517
2018-02-19,13553
2018-02-20,13630
2018-02-21,13611
2018-02-22,13711
2018-02-23,13676
2018-02-26,13664
2018-02-27,13673
2018-02-28,13749
2018-03-01,13803
2018-03-02,13778
2018-03-05,13763
2018-03-06,13722
2018-03-07,13757
2018-03-08,13779
2018-03-09,13813
2018-03-12,13768
2018-03-13,13713
2018-03-14,13729
2018-03-15,13757
2018-03-16,13761
2018-03-19,13777
2018-03-20,13761
2018-03-21,13763
2018-03-22,13753
2018-03-23,13764
2018-03-26,13734
2018-03-27,13740
2018-03-28,13759
2018-03-29,13744
2018-04-03,13760
2018-04-04,13767
2018-04-05,13772
2018-04-06,13774
2018-04-09,13783
2018-04-10,13751
2018-04-11,13765
2018-04-12,13769
2018-04-13,13753
2018-04-16,13775
2018-04-17,13775
2018-04-18,13768
2018-04-19,13787
2018-04-20,13927
2018-04-23,13940
2018-04-24,13871
2018-04-25,13920
2018-04-26,13878
2018-04-27,13855
2018-04-30,13905
2018-05-02,13960
2018-05-03,13933
2018-05-04,13978
2018-05-07,14061
2018-05-08,14085
2018-05-09,14070
2018-05-10,14030
2018-05-11,13971
2018-05-14,13970
2018-05-15,14067
2018-05-16,14072
2018-05-17,14052
2018-05-18,14147
2018-05-21,14176
2018-05-22,14138
2018-05-23,14215
2018-05-24,14141
2018-05-25,14111
2018-05-28,14020
2018-05-29,14021
2018-05-30,13948
2018-05-31,13907
2018-06-01,13879
2018-06-04,13872
2018-06-05,13883
2018-06-06,13855
2018-06-07,13877
2018-06-08,13930
2018-06-11,13975
2018-06-12,13968
2018-06-13,13963
2018-06-14,13933
2018-06-15,13989
2018-06-18,14078
2018-06-19,14164
2018-06-20,14096
2018-06-21,14093
2018-06-22,14105
2018-06-25,14155
2018-06-26,14178
2018-06-27,14191
2018-06-28,14330
2018-06-29,14285
2018-07-02,14400
2018-07-03,14373
2018-07-04,14352
2018-07-05,14385
2018-07-06,14370
2018-07-09,14325
2018-07-10,14343
2018-07-11,14365
2018-07-12,14382
2018-07-13,14418
2018-07-16,14375
2018-07-17,14370
2018-07-18,14405
2018-07-19,14475
2018-07-20,14518
2018-07-23,14490
2018-07-24,14499
2018-07-25,14444
2018-07-26,14455
2018-07-27,14417
2018-07-30,14391
2018-07-31,14420
2018-08-01,14440
2018-08-02,14475
2018-08-03,14463
2018-08-06,14470
2018-08-07,14430
2018-08-08,14435
2018-08-09,14410
2018-08-10,14476
2018-08-13,14595
2018-08-14,14580
2018-08-15,14600
2018-08-16,14610
2018-08-17,14638
2018-08-20,14590
2018-08-21,14595
2018-08-22,14580
2018-08-23,14630
2018-08-24,14628
2018-08-27,14627
2018-08-28,14622
2018-08-29,14655
2018-08-30,14690
2018-08-31,14788
2018-09-03,14894
2018-09-04,14935
2018-09-05,14935
2018-09-06,14891
2018-09-07,14820
2018-09-10,14854
2018-09-11,14870
2018-09-12,14825
2018-09-13,14802
2018-09-14,14805
2018-09-17,14867
2018-09-18,14858
2018-09-19,14875
2018-09-20,14845
2018-09-21,14818
2018-09-24,14875
2018-09-25,14920
2018-09-26,14937
2018-09-27,14906
2018-09-28,14902
2018-10-01,14910
2018-10-02,15045
2018-10-03,15069
2018-10-04,15170
2018-10-05,15180
2018-10-08,15218
2018-10-09,15292
2018-10-10,15203
2018-10-11,15235
2018-10-12,15205
2018-10-15,15210
2018-10-16,15164
2018-10-17,15169
2018-10-18,15193
2018-10-19,15187
2018-10-22,15197
2018-10-23,15190
2018-10-24,15197
2018-10-25,15187
2018-10-26,15207
2018-10-29,15219
2018-10-30,15214
2018-10-31,15202
2018-11-01,15090
2018-11-02,14918
2018-11-05,14976
2018-11-06,14802
2018-11-07,14580
2018-11-08,14540
2018-11-09,14685
2018-11-12,14807
2018-11-13,14823
2018-11-14,14766
2018-11-15,14683
2018-11-16,14611
2018-11-19,14590
2018-11-20,14598
2018-11-21,14598
2018-11-22,14544
2018-11-23,14531
2018-11-26,14475
2018-11-27,14487
2018-11-28,14536
2018-11-29,14344
2018-11-30,14302
2018-12-03,14285
2018-12-04,14290
2018-12-05,14395
2018-12-06,14520
2018-12-07,14470
2018-12-10,14592
2018-12-11,14610
2018-12-12,14597
2018-12-13,14507
2018-12-14,14621
2018-12-17,14575
2018-12-18,14479
2018-12-19,14443
2018-12-20,14448
2018-12-21,14628
2018-12-24,14589
2018-12-27,14598
2018-12-28,14527
2018-12-31,14410
2019-01-02,14463
2019-01-03,14410
2019-01-04,14243
2019-01-07,14087
2019-01-08,14145
2019-01-09,14125
2019-01-10,14079
2019-01-11,14087
2019-01-14,14124
2019-01-15,14124
2019-01-16,14150
2019-01-17,14180
2019-01-18,14202
2019-01-21,14241
2019-01-22,14233
2019-01-23,14173
2019-01-24,14165
2019-01-25,14085
2019-01-28,14063
2019-01-29,14090
2019-01-30,14130
2019-01-31,13910
2019-02-01,13957
2019-02-04,14012
2019-02-05,13975
2019-02-06,13922
2019-02-07,14000
2019-02-08,13965
2019-02-11,14081
2019-02-12,14069
2019-02-13,14068
2019-02-14,14090
2019-02-15,14142
2019-02-18,14107
2019-02-19,14102
2019-02-20,14040
2019-02-21,14073
2019-02-22,14057
2019-02-25,14018
2019-02-26,14011
2019-02-27,14024
2019-02-28,14077
2019-03-01,14115
2019-03-04,14130
2019-03-05,14129
2019-03-06,14152
2019-03-07,14187
2019-03-08,14319
2019-03-11,14290
2019-03-12,14265
2019-03-13,14237
2019-03-14,14298
2019-03-15,14276
2019-03-18,14237
2019-03-19,14175
2019-03-20,14165
2019-03-21,14117
2019-03-22,14198
2019-03-25,14180
2019-03-26,14170
2019-03-27,14240
2019-03-28,14267
2019-03-29,14240
2019-04-01,14225
2019-04-02,14220
2019-04-03,14177
2019-04-04,14168
2019-04-05,14156
2019-04-08,14163
2019-04-09,14133
2019-04-10,14150
2019-04-11,14174
2019-04-12,14092
2019-04-15,14060
2019-04-16,14085
2019-04-17,14085
2019-04-18,14043
2019-04-23,14075
2019-04-24,14095
2019-04-25,14233
2019-04-26,14196
2019-04-29,14200
2019-04-30,14222
2019-05-02,14250
2019-05-03,14255
2019-05-06,14292
2019-05-07,14280
2019-05-08,14295
2019-05-09,14350
2019-05-10,14405
2019-05-13,14416
2019-05-14,14430
2019-05-15,14460
2019-05-16,14450
2019-05-17,14450
2019-05-20,14477
2019-05-21,14483
2019-05-22,14525
2019-05-23,14481
2019-05-24,14393
2019-05-27,14380
2019-05-28,14375
2019-05-29,14417
2019-05-30,14400
2019-05-31,14332
2019-06-03,14238
2019-06-04,14223
2019-06-05,14204
2019-06-06,14194
2019-06-07,14248
2019-06-10,14245
2019-06-11,14238
2019-06-12,14242
2019-06-13,14293
2019-06-14,14317
2019-06-17,14335
2019-06-18,14323
2019-06-19,14270
2019-06-20,14182
2019-06-21,14128
2019-06-24,14152
2019-06-25,14152
2019-06-26,14168
2019-06-27,14140
2019-06-28,14133
2019-07-01,14112
2019-07-02,14138
2019-07-03,14142
2019-07-04,14140
2019-07-05,14121
2019-07-08,14110
2019-07-09,14130
2019-07-10,14130
2019-07-11,14065
2019-07-12,14036
2019-07-15,13943
2019-07-16,13940
2019-07-17,13980
2019-07-18,13971
2019-07-19,13952
2019-07-22,13945
2019-07-23,13961
2019-07-24,13975
2019-07-25,13978
2019-07-26,13978
2019-07-29,14020
2019-07-30,14020
2019-07-31,14025
2019-08-01,14156
2019-08-02,14201
2019-08-05,14315
2019-08-06,14265
2019-08-07,14230
2019-08-08,14208
2019-08-09,14190
2019-08-12,14250
2019-08-13,14317
2019-08-14,14245
2019-08-15,14270
2019-08-16,14223
2019-08-19,14235
2019-08-20,14260
2019-08-21,14237
2019-08-22,14235
2019-08-23,14212
2019-08-26,14244
2019-08-27,14249
2019-08-28,14250
2019-08-29,14197
2019-08-30,14185
2019-09-02,14194
2019-09-03,14225
2019-09-04,14152
2019-09-05,14112
2019-09-06,14086
2019-09-09,14047
2019-09-10,14045
2019-09-11,14060
2019-09-12,13965
2019-09-13,13965
2019-09-16,14040
2019-09-17,14091
2019-09-18,14060
2019-09-19,14060
2019-09-20,14055
2019-09-23,14085
2019-09-24,14113
2019-09-25,14150
2019-09-26,14168
2019-09-27,14165
2019-09-30,14195
2019-10-01,14228
2019-10-02,14203
2019-10-03,14172
2019-10-04,14146
2019-10-07,14173
2019-10-08,14155
2019-10-09,14170
2019-10-10,14151
2019-10-11,14128
2019-10-14,14130
2019-10-15,14165
2019-10-16,14206
2019-10-17,14157
2019-10-18,14154
2019-10-21,14063
2019-10-22,14040
2019-10-23,14029
2019-10-24,14036
2019-10-25,14035
2019-10-28,14013
2019-10-29,14052
2019-10-30,14046
2019-10-31,14077
2019-11-01,14042
2019-11-04,14020
2019-11-05,13968
2019-11-06,14015
2019-11-07,13995
2019-11-08,14014
2019-11-11,14076
2019-11-12,14071
2019-11-13,14104
2019-11-14,14102
2019-11-15,14073
2019-11-18,14093
2019-11-19,14090
2019-11-20,14108
2019-11-21,14087
2019-11-22,14085
2019-11-25,14092
2019-11-26,14100
2019-11-27,14095
2019-11-28,14101
2019-11-29,14105
2019-12-02,14125
2019-12-03,14105
2019-12-04,14105
2019-12-05,14065
2019-12-06,14020
2019-12-09,14001
2019-12-10,14010
2019-12-11,14044
2019-12-12,14035
2019-12-13,13985
2019-12-16,14005
2019-12-17,13990
2019-12-18,13998
2019-12-19,13989
2019-12-20,13978
2019-12-23,13986
2019-12-24,13985
2019-12-27,13964
2019-12-30,13912
2019-12-31,13883
2020-01-02,13885
2020-01-03,13938
2020-01-06,13940
2020-01-07,13875
2020-01-08,13893
2020-01-09,13850
2020-01-10,13763
2020-01-13,13701
2020-01-14,13693
2020-01-15,13698
2020-01-16,13630
2020-01-17,13670
2020-01-20,13638
2020-01-21,13673
2020-01-22,13653
2020-01-23,13652
2020-01-24,13596
2020-01-27,13605
2020-01-28,13637
2020-01-29,13628
2020-01-30,13687
2020-01-31,13655
2020-02-03,13742
2020-02-04,13710
2020-02-05,13641
2020-02-06,13634
2020-02-07,13732
2020-02-10,13731
2020-02-11,13686
2020-02-12,13664
2020-02-13,13704
2020-02-14,13716
2020-02-17,13652
2020-02-18,13665
2020-02-19,13688
2020-02-20,13707
2020-02-21,13765
2020-02-24,13957
2020-02-25,13925
2020-02-26,13997
2020-02-27,14035
2020-02-28,14347
2020-03-02,14304
2020-03-03,14282
2020-03-04,14115
2020-03-05,14170
2020-03-06,14607
2020-03-09,14392
2020-03-10,14295
2020-03-11,14353
2020-03-12,14621
2020-03-13,14770
2020-03-16,15018
2020-03-17,15190
2020-03-18,15450
2020-03-19,15912
2020-03-20,15925
2020-03-23,16575
2020-03-24,16325
2020-03-25,16115
2020-03-26,16106
2020-03-27,16140
2020-03-30,16393
2020-03-31,16310
2020-04-01,16679
2020-04-02,16657
2020-04-03,16615
2020-04-06,16413
2020-04-07,16135
2020-04-08,16223
2020-04-09,15867
2020-04-14,15716
2020-04-15,15776
2020-04-16,15696
2020-04-17,15586
2020-04-20,15535
2020-04-21,15689
2020-04-22,15584
2020-04-23,15570
2020-04-24,15625
2020-04-27,15385
2020-04-28,15367
2020-04-29,15321
2020-04-30,14875
2020-05-04,15100
2020-05-05,15100
2020-05-06,15045
2020-05-07,15045
2020-05-08,14967
2020-05-11,14969
2020-05-12,14804
2020-05-13,14797
2020-05-14,14951
2020-05-15,14936
2020-05-18,14842
2020-05-19,14774
2020-05-20,14717
2020-05-21,14733
2020-05-22,14902
2020-05-25,14710
2020-05-26,14755
2020-05-27,14710
2020-05-28,14715
2020-05-29,14610
2020-06-01,14610
2020-06-02,14415
2020-06-03,14191
2020-06-04,14095
2020-06-05,14018
2020-06-08,14014
2020-06-09,14093
2020-06-10,14085
2020-06-11,14015
2020-06-12,14206
2020-06-15,14254
2020-06-16,14130
2020-06-17,14199
2020-06-18,14085
2020-06-19,14209
2020-06-22,14259
2020-06-23,14160
2020-06-24,14168
2020-06-25,14275
2020-06-26,14220
2020-06-29,14368
2020-06-30,14453
2020-07-01,14265
2020-07-02,14379
2020-07-03,14510
2020-07-06,14418
2020-07-07,14440
2020-07-08,14414
2020-07-09,14395
2020-07-10,14435
2020-07-13,14425
2020-07-14,14450
2020-07-15,14588
2020-07-16,14625
2020-07-17,14695
2020-07-20,14785
2020-07-21,14708
2020-07-22,14569
2020-07-23,14649
2020-07-24,14630
2020-07-27,14520
2020-07-28,14535
2020-07-29,14535
2020-07-30,14600
2020-07-31,14656
2020-08-03,14714
2020-08-04,14685
2020-08-05,14550
2020-08-06,14611
2020-08-07,14670
2020-08-10,14640
2020-08-11,14723
2020-08-12,14760
2020-08-13,14839
2020-08-14,14909
2020-08-17,14881
2020-08-18,14845
2020-08-19,14771
2020-08-20,14771
2020-08-21,14771
2020-08-24,14670
2020-08-25,14645
2020-08-26,14672
2020-08-27,14721
2020-08-28,14546
2020-08-31,14576
2020-09-01,14570
2020-09-02,14745
2020-09-03,14846
2020-09-04,14738
2020-09-07,14792
2020-09-08,14860
2020-09-09,14785
2020-09-10,14950
2020-09-11,14993
2020-09-14,14880
2020-09-15,14845
2020-09-16,14835
2020-09-17,14835
2020-09-18,14735
2020-09-21,14793
2020-09-22,14785
2020-09-23,14861
2020-09-24,14890
2020-09-25,14870
2020-09-28,14900
2020-09-29,14885
2020-09-30,14945
2020-10-01,14826
2020-10-02,14872
2020-10-05,14722
2020-10-06,14735
2020-10-07,14749
2020-10-08,14757
2020-10-09,14701
2020-10-12,14729
2020-10-13,14765
2020-10-14,14733
2020-10-15,14770
2020-10-16,14750
2020-10-19,14720
2020-10-20,14710
2020-10-21,14632
2020-10-22,14742
2020-10-23,14685
2020-10-26,14714
2020-10-27,14659
2020-10-28,14742
2020-10-29,14786
2020-10-30,14625
2020-11-02,14646
2020-11-03,14481
2020-11-04,14413
2020-11-05,14256
2020-11-06,14274
2020-11-09,14062
2020-11-10,14050
2020-11-11,14171
2020-11-12,14203
2020-11-13,14170
2020-11-16,14101
2020-11-17,14122
2020-11-18,14111
2020-11-19,14216
2020-11-20,14195
2020-11-23,14154
2020-11-24,14239
2020-11-25,14140
2020-11-26,14154
2020-11-27,14149
2020-11-30,14162
2020-12-01,14190
2020-12-02,14209
2020-12-03,14140
2020-12-04,14164
2020-12-07,14194
2020-12-08,14144
2020-12-09,14104
2020-12-10,14105
2020-12-11,14080
2020-12-14,14156
2020-12-15,14165
2020-12-16,14160
2020-12-17,14122
2020-12-18,14143
2020-12-21,14254
2020-12-22,14225
2020-12-23,14262
2020-12-24,14200
2020-12-28,14189
2020-12-29,14117
2020-12-30,14050
2020-12-31,14050
2021-01-04,13877
2021-01-05,13915
2021-01-06,13915
2021-01-07,14060
2021-01-08,14079
2021-01-11,14196
2021-01-12,14145
2021-01-13,14128
2021-01-14,14044
2021-01-15,14050
2021-01-18,14136
2021-01-19,14079
2021-01-20,14052
2021-01-21,13990
2021-01-22,14098
2021-01-25,14078
2021-01-26,14104
2021-01-27,14135
2021-01-28,14117
2021-01-29,14003
2021-02-01,14078
2021-02-02,14014
2021-02-03,14024
2021-02-04,14037
2021-02-05,14037
2021-02-08,14034
2021-02-09,13987
2021-02-10,13983
2021-02-11,13965
2021-02-12,13987
2021-02-15,13898
2021-02-16,13978
2021-02-17,14062
2021-02-18,14067
2021-02-19,14083
2021-02-22,14175
2021-02-23,14107
2021-02-24,14054
2021-02-25,14194
2021-02-26,14317
2021-03-01,14315
2021-03-02,14325
2021-03-03,14255
2021-03-04,14265
2021-03-05,14394
2021-03-08,14360
2021-03-09,14411
2021-03-10,14405
2021-03-11,14405
2021-03-12,14393
2021-03-15,14401
2021-03-16,14428
2021-03-17,14459
2021-03-18,14410
2021-03-19,14405
2021-03-22,14402
2021-03-23,14395
2021-03-24,14446
2021-03-25,14425
2021-03-26,14418
2021-03-29,14445
2021-03-30,14533
2021-03-31,14525
2021-04-01,14531
2021-04-06,14505
2021-04-07,14562
2021-04-08,14535
2021-04-09,14599
2021-04-12,14610
2021-04-13,14653
2021-04-14,14625
2021-04-15,14617
2021-04-16,14534
2021-04-19,14510
2021-04-20,14528
2021-04-21,14546
2021-04-22,14540
2021-04-23,14525
2021-04-26,14482
2021-04-27,14510
2021-04-28,14500
2021-04-29,14417
2021-04-30,14421
2021-05-03,14426
2021-05-04,14471
2021-05-05,14421
2021-05-06,14300
2021-05-07,14270
2021-05-10,14125
2021-05-11,14177
2021-05-12,14263
2021-05-13,14335
2021-05-14,14297
2021-05-17,14348
2021-05-18,14273
2021-05-19,14373
2021-05-20,14414
2021-05-21,14355
2021-05-24,14355
2021-05-25,14331
2021-05-26,14288
2021-05-27,14306
2021-05-28,14335
2021-05-31,14264
2021-06-01,14255
2021-06-02,14272
2021-06-03,14295
2021-06-04,14326
2021-06-07,14245
2021-06-08,14249
2021-06-09,14248
2021-06-10,14272
2021-06-11,14199
2021-06-14,14257
2021-06-15,14250
2021-06-16,14245
2021-06-17,14465
2021-06-18,14435
2021-06-21,14444
2021-06-22,14458
2021-06-23,14446
2021-06-24,14451
2021-06-25,14431
2021-06-28,14505
2021-06-29,14586
2021-06-30,14541
2021-07-01,14524
2021-07-02,14541
2021-07-05,14475
2021-07-06,14488
2021-07-07,14492
2021-07-08,14598
2021-07-09,14497
2021-07-12,14511
2021-07-13,14474
2021-07-14,14484
2021-07-15,14517
2021-07-16,14475
2021-07-19,14571
2021-07-20,14560
2021-07-21,14543
2021-07-22,14491
2021-07-23,14490
2021-07-26,14494
2021-07-27,14488
2021-07-28,14498
2021-07-29,14464
2021-07-30,14451
2021-08-02,14378
2021-08-03,14300
2021-08-04,14304
2021-08-05,14340
2021-08-06,14342
2021-08-09,14384
2021-08-10,14386
2021-08-11,14407
2021-08-12,14350
2021-08-13,14366
2021-08-16,14374
2021-08-17,14389
2021-08-18,14392
2021-08-19,14468
2021-08-20,14469
2021-08-23,14397
2021-08-24,14393
2021-08-25,14438
2021-08-26,14444
2021-08-27,14428
2021-08-30,14335
2021-08-31,14264
2021-09-01,14279
2021-09-02,14244
2021-09-03,14264
2021-09-06,14225
2021-09-07,14260
2021-09-08,14265
2021-09-09,14241
2021-09-10,14199
2021-09-13,14251
2021-09-14,14269
2021-09-15,14230
2021-09-16,14253
2021-09-17,14230
2021-09-20,14297
2021-09-21,14234
2021-09-22,14234
2021-09-23,14231
2021-09-24,14290
2021-09-27,14253
2021-09-28,14298
2021-09-29,14305
2021-09-30,14312
2021-10-01,14279
2021-10-04,14245
2021-10-05,14228
2021-10-06,14285
2021-10-07,14190
2021-10-08,14202
2021-10-11,14208
2021-10-12,14190
2021-10-13,14217
2021-10-14,14095
2021-10-15,14043
2021-10-18,14109
2021-10-19,14090
2021-10-20,14113
2021-10-21,14145
2021-10-22,14187
2021-10-25,14179
2021-10-26,14123
2021-10-27,14211
2021-10-28,14206
2021-10-29,14217
2021-11-01,14280
2021-11-02,14281
2021-11-03,14332
2021-11-04,14365
2021-11-05,14329
2021-11-08,14256
2021-11-09,14252
2021-11-10,14242
2021-11-11,14260
2021-11-12,14186
2021-11-15,14179
2021-11-16,14235
2021-11-17,14243
2021-11-18,14225
2021-11-19,14290
2021-11-22,14254
2021-11-23,14272
2021-11-24,14294
2021-11-25,14288
2021-11-26,14391
2021-11-29,14361
2021-11-30,14325
2021-12-01,14362
2021-12-02,14412
2021-12-03,14426
2021-12-06,14447
2021-12-07,14371
2021-12-08,14343
2021-12-09,14381
2021-12-10,14373
2021-12-13,14325
2021-12-14,14307
2021-12-15,14354
2021-12-16,14349
2021-12-17,14359
2021-12-20,14410
2021-12-21,14286
2021-12-22,14249
2021-12-23,14184
2021-12-24,14188
2021-12-27,14217
2021-12-28,14233
2021-12-29,14255
2021-12-30,14261
2021-12-31,14215
2022-01-03,14269
2022-01-04,14363
2022-01-05,14368
2022-01-06,14399
2022-01-07,14328
2022-01-10,14298
2022-01-11,14309
2022-01-12,14332
2022-01-13,14289
2022-01-14,14317
2022-01-17,14328
2022-01-18,14356
2022-01-19,14353
2022-01-20,14348
2022-01-21,14314
2022-01-24,14344
2022-01-25,14350
2022-01-26,14352
2022-01-27,14384
2022-01-28,14408
2022-01-31,14375
2022-02-01,14321
2022-02-02,14346
2022-02-03,14392
2022-02-04,14387
2022-02-07,14396
2022-02-08,14392
2022-02-09,14334
2022-02-10,14328
2022-02-11,14311
2022-02-14,14308
2022-02-15,14269
2022-02-16,14275
2022-02-17,14329
2022-02-18,14360
2022-02-21,14355
2022-02-22,14366
2022-02-23,14342
2022-02-24,14399
2022-02-25,14345
2022-02-28,14377
2022-03-01,14364
2022-03-02,14389
2022-03-03,14386
2022-03-04,14388
2022-03-07,14397
2022-03-08,14359
2022-03-09,14291
2022-03-10,14277
2022-03-11,14283
2022-03-14,14306
2022-03-15,14294
2022-03-16,14271
2022-03-17,14330
2022-03-18,14337
2022-03-21,14339
2022-03-22,14340
2022-03-23,14376
2022-03-24,14372
2022-03-25,14341
2022-03-28,14352
2022-03-29,14340
2022-03-30,14342
2022-03-31,14365
2022-04-01,14376
2022-04-04,14343
2022-04-05,14343
2022-04-06,14358
2022-04-07,14375
2022-04-08,14365
2022-04-11,14365
2022-04-12,14373
2022-04-13,14363
2022-04-14,14360
2022-04-19,14346
2022-04-20,14346
2022-04-21,14351
2022-04-22,14425
2022-04-25,14456
2022-04-26,14396
2022-04-27,14419
2022-04-28,14518
2022-04-29,14518
2022-05-02,14532
2022-05-03,14483
2022-05-04,14435
2022-05-05,14431
2022-05-06,14486
2022-05-09,14554
2022-05-10,14543
2022-05-11,14507
2022-05-12,14658
2022-05-13,14631
2022-05-16,14675
2022-05-17,14641
2022-05-18,14678
2022-05-19,14648
2022-05-20,14656
2022-05-23,14644
2022-05-24,14657
2022-05-25,14628
2022-05-26,14611
2022-05-27,14535
2022-05-30,14569
2022-05-31,14543
2022-06-01,14539
2022-06-02,14480
2022-06-03,14444
2022-06-06,14418
2022-06-07,14455
2022-06-08,14506
2022-06-09,14564
2022-06-10,14552
2022-06-13,14707
2022-06-14,14734
2022-06-15,14727
2022-06-16,14834
2022-06-17,14817
2022-06-20,14824
2022-06-21,14825
2022-06-22,14846
2022-06-23,14862
2022-06-24,14856
2022-06-27,14789
2022-06-28,14838
2022-06-29,14845
2022-06-30,14973
2022-07-01,14985
2022-07-04,15001
2022-07-05,15052
2022-07-06,15021
2022-07-07,14995
2022-07-08,14967
2022-07-11,14985
2022-07-12,14991
2022-07-13,15016
2022-07-14,15112
2022-07-15,14994
2022-07-18,14962
2022-07-19,14977
2022-07-20,14978
2022-07-21,15043
2022-07-22,14991
2022-07-25,14951
2022-07-26,14999
2022-07-27,14985
2022-07-28,14926
2022-07-29,14862
2022-08-01,14857
2022-08-02,14872
2022-08-03,14895
2022-08-04,14931
2022-08-05,14889
2022-08-08,14852
2022-08-09,14850
2022-08-10,14845
2022-08-11,14719
2022-08-12,14685
2022-08-15,14754
2022-08-16,14775
2022-08-17,14774
2022-08-18,14829
2022-08-19,14872
2022-08-22,14894
2022-08-23,14851
2022-08-24,14856
2022-08-25,14797
2022-08-26,14816
2022-08-29,14892
2022-08-30,14825
2022-08-31,14850
2022-09-01,14872
2022-09-02,14906
2022-09-05,14902
2022-09-06,14891
2022-09-07,14951
2022-09-08,14879
2022-09-09,14832
2022-09-12,14854
2022-09-13,14839
2022-09-14,14919
2022-09-15,14937
2022-09-16,14974
2022-09-19,14990
2022-09-20,15019
2022-09-21,15007
2022-09-22,14998
2022-09-23,15068
2022-09-26,15158
2022-09-27,15144
2022-09-28,15288
2022-09-29,15182
2022-09-30,15247
2022-10-03,15332
2022-10-04,15246
2022-10-05,15191
2022-10-06,15234
2022-10-07,15242
2022-10-10,15338
2022-10-11,15356
2022-10-12,15359
2022-10-13,15354
2022-10-14,15470
2022-10-17,15466
2022-10-18,15470
2022-10-19,15530
2022-10-20,15544
2022-10-21,15621
2022-10-24,15595
2022-10-25,15624
2022-10-26,15553
2022-10-27,15571
2022-10-28,15558
2022-10-31,15624
2022-11-01,15618
2022-11-02,15637
2022-11-03,15790
2022-11-04,15693
2022-11-07,15660
2022-11-08,15659
2022-11-09,15656
2022-11-10,15688
2022-11-11,15502
2022-11-14,15556
2022-11-15,15537
2022-11-16,15605
2022-11-17,15722
2022-11-18,15651
2022-11-21,15730
2022-11-22,15677
2022-11-23,15680
2022-11-24,15649
2022-11-25,15693
2022-11-28,15713
2022-11-29,15726
2022-11-30,15682
2022-12-01,15459
2022-12-02,15354
2022-12-05,15426
2022-12-06,15634
2022-12-07,15638
2022-12-08,15614
2022-12-09,15582
2022-12-12,15646
2022-12-13,15668
2022-12-14,15588
2022-12-15,15621
2022-12-16,15609
2022-12-19,15576
2022-12-20,15602
2022-12-21,15583
2022-12-22,15542
2022-12-23,15599
2022-12-27,15645
2022-12-28,15758
2022-12-29,15663
2022-12-30,15488
2023-01-02,15569
2023-01-03,15621
2023-01-04,15572
2023-01-05,15605
2023-01-06,15684
2023-01-09,15578
2023-01-10,15551
2023-01-11,15457
2023-01-12,15277
2023-01-13,15177
2023-01-16,15108
2023-01-17,15188
2023-01-18,15045
2023-01-19,15192
2023-01-20,15119
2023-01-23,15007
2023-01-24,14974
2023-01-25,14965
2023-01-26,14960
2023-01-27,14985
2023-01-30,14982
2023-01-31,15031
2023-02-01,14961
2023-02-02,14890
2023-02-03,14915
2023-02-06,15161
2023-02-07,15177
2023-02-08,15116
2023-02-09,15115
2023-02-10,15185
2023-02-13,15233
2023-02-14,15154
2023-02-15,15253
2023-02-16,15134
2023-02-17,15210
2023-02-20,15157
2023-02-21,15187
2023-02-22,15199
2023-02-23,15204
2023-02-24,15230
2023-02-27,15274
2023-02-28,15249
2023-03-01,15231
2023-03-02,15320
2023-03-03,15314
2023-03-06,15335
2023-03-07,15381
2023-03-08,15449
2023-03-09,15439
2023-03-10,15495
2023-03-13,15410
2023-03-14,15361
2023-03-15,15502
2023-03-16,15446
2023-03-17,15374
2023-03-20,15352
2023-03-21,15303
2023-03-22,15267
2023-03-23,15122
2023-03-24,15185
2023-03-27,15148
2023-03-28,15084
2023-03-29,15059
2023-03-30,15043
2023-03-31,14989
2023-04-03,14967
2023-04-04,14908
2023-04-05,14928
2023-04-06,14925
2023-04-11,14913
2023-04-12,14881
2023-04-13,14730
2023-04-14,14735
2023-04-17,14843
2023-04-18,14873
2023-04-19,14991
2023-04-20,14953
2023-04-21,14960
2023-04-24,14950
2023-04-25,14937
2023-04-26,14847
2023-04-27,14719
2023-04-28,14673
2023-05-02,14722
2023-05-03,14680
2023-05-04,14687
2023-05-05,14669
2023-05-08,14711
2023-05-09,14745
2023-05-10,14750
2023-05-11,14711
2023-05-12,14809
2023-05-15,14794
2023-05-16,14826
2023-05-17,14884
2023-05-18,14879
2023-05-19,14923
2023-05-22,14877
2023-05-23,14884
2023-05-24,14895
2023-05-25,14943
2023-05-26,14962
2023-05-29,14960
2023-05-30,14972
2023-05-31,15005
2023-06-01,14925
2023-06-02,14843
2023-06-05,14870
2023-06-06,14875
2023-06-07,14838
2023-06-08,14882
2023-06-09,14840
2023-06-12,14860
2023-06-13,14866
2023-06-14,14895
2023-06-15,14982
2023-06-16,14944
2023-06-19,14998
2023-06-20,15010
2023-06-21,14951
2023-06-22,14953
2023-06-23,15011
2023-06-26,15056
2023-06-27,15001
2023-06-28,14993
2023-06-29,15001
2023-06-30,15079
2023-07-03,15059
2023-07-04,15013
2023-07-05,15057
2023-07-06,15067
2023-07-07,15174
2023-07-10,15203
2023-07-11,15177
2023-07-12,15069
2023-07-13,14959
2023-07-14,14970
2023-07-17,14998
2023-07-18,14984
2023-07-19,14998
2023-07-20,14984
2023-07-21,15027
2023-07-24,15021
2023-07-25,15028
2023-07-26,15047
2023-07-27,15003
2023-07-28,15095
2023-07-31,15080
2023-08-01,15120
2023-08-02,15181
2023-08-03,15168
2023-08-04,15188
2023-08-07,15193
2023-08-08,15228
2023-08-09,15191
2023-08-10,15174
2023-08-11,15278
2023-08-14,15309
2023-08-15,15340
2023-08-16,15285
2023-08-17,15346
2023-08-18,15319
2023-08-21,15326
2023-08-22,15338
2023-08-23,15293
2023-08-24,15245
2023-08-25,15286
2023-08-28,15288
2023-08-29,15258
2023-08-30,15240
2023-08-31,15230
2023-09-01,15240
2023-09-04,15245
2023-09-05,15273
2023-09-06,15293
2023-09-07,15325
2023-09-08,15357
2023-09-11,15365
2023-09-12,15367
2023-09-13,15376
2023-09-14,15355
2023-09-15,15368
2023-09-18,15370
2023-09-19,15380
2023-09-20,15358
2023-09-21,15375
2023-09-22,15375
2023-09-25,15381
2023-09-26,15490
2023-09-27,15551
2023-09-28,15545
2023-09-29,15465
2023-10-02,15549
2023-10-03,15605
2023-10-04,15630
2023-10-05,15605
2023-10-06,15641
2023-10-09,15690
2023-10-10,15730
2023-10-11,15722
2023-10-12,15663
2023-10-13,15683
2023-10-16,15704
2023-10-17,15715
2023-10-18,15758
2023-10-19,15855
2023-10-20,15858
2023-10-23,15939
2023-10-24,15856
2023-10-25,15878
2023-10-26,15920
2023-10-27,15940
2023-10-30,15890
2023-10-31,15885
2023-11-01,15947
2023-11-02,15810
2023-11-03,15664
2023-11-06,15534
2023-11-07,15663
2023-11-08,15677
2023-11-09,15640
2023-11-10,15693
2023-11-13,15700
2023-11-14,15704
2023-11-15,15482
2023-11-16,15579
2023-11-17,15376
2023-11-20,15448
2023-11-21,15499
2023-11-22,15602
2023-11-23,15550
2023-11-24,15570
2023-11-27,15482
2023-11-28,15486
2023-11-29,15439
2023-11-30,15535
2023-12-01,15485
2023-12-04,15477
2023-12-05,15476
2023-12-06,15524
2023-12-07,15540
2023-12-08,15514
2023-12-11,15672
2023-12-12,15582
2023-12-13,15632
2023-12-14,15499
2023-12-15,15556
2023-12-18,15493
2023-12-19,15506
2023-12-20,15528
2023-12-21,15468
2023-12-22,15450
2023-12-27,15418
2023-12-28,15419
2023-12-29,15457
2024-01-02,15524
2024-01-03,15564
2024-01-04,15515
2024-01-05,15536
2024-01-08,15528
2024-01-09,15545
2024-01-10,15560
2024-01-11,15550
2024-01-12,15570
2024-01-15,15561
2024-01-16,15609
2024-01-17,15630
2024-01-18,15610
2024-01-19,15608
2024-01-22,15680
2024-01-23,15711
2024-01-24,15687
2024-01-25,15851
2024-01-26,15759
2024-01-29,15825
2024-01-30,15778
2024-01-31,15757
2024-02-01,15767
2024-02-02,15633
2024-02-05,15760
2024-02-06,15740
2024-02-07,15659
2024-02-08,15656
2024-02-09,15637
2024-02-12,15588
2024-02-13,15612
2024-02-14,15604
2024-02-15,15606
2024-02-16,15636
2024-02-19,15646
2024-02-20,15660
2024-02-21,15626
2024-02-22,15588
2024-02-23,15606
2024-02-26,15631
2024-02-27,15637
2024-02-28,15713
2024-02-29,15738
2024-03-01,15722
2024-03-04,15738
2024-03-05,15743
2024-03-06,15698
2024-03-07,15638
2024-03-08,15531
2024-03-11,15487
2024-03-12,15521
2024-03-13,15576
2024-03-14,15598
2024-03-15,15618
2024-03-18,15719
2024-03-19,15745
2024-03-20,15737
2024-03-21,15671
2024-03-22,15811
2024-03-25,15783
2024-03-26,15799
2024-03-27,15897
2024-03-28,15871
2024-04-02,15911
2024-04-03,15948
2024-04-04,15880
2024-04-05,15859
2024-04-08,15909
2024-04-09,15867
2024-04-10,15849
2024-04-11,16022
2024-04-12,16121
2024-04-15,16059
2024-04-16,16202
2024-04-17,16254
2024-04-18,16181
2024-04-19,16263
2024-04-22,16253
2024-04-23,16210
2024-04-24,16169
2024-04-25,16189
2024-04-26,16227
2024-04-29,16240
2024-04-30,16255
2024-05-02,16173
2024-05-03,16054
2024-05-06,16044
2024-05-07,16064
2024-05-08,16077
2024-05-09,16072
2024-05-10,16042
2024-05-13,16092
2024-05-14,16124
2024-05-15,16008
2024-05-16,15918
2024-05-17,15968
2024-05-20,15976
2024-05-21,16001
2024-05-22,16040
2024-05-23,16030
2024-05-24,16031
2024-05-27,16068
2024-05-28,16078
2024-05-29,16192
2024-05-30,16240
2024-05-31,16257
2024-06-03,16229
2024-06-04,16272
2024-06-05,16338
2024-06-06,16264
2024-06-07,16192
2024-06-10,16298
2024-06-11,16298
2024-06-12,16306
2024-06-13,16254
2024-06-14,16486
2024-06-17,16458
2024-06-18,16420
2024-06-19,16383
2024-06-20,16492
2024-06-21,16465
2024-06-24,16399
2024-06-25,16390
2024-06-26,16432
2024-06-27,16389
2024-06-28,16335
2024-07-01,16351
2024-07-02,16376
2024-07-03,16379
2024-07-04,16326
2024-07-05,16280
2024-07-08,16266
2024-07-09,16269
2024-07-10,16220
2024-07-11,16179
2024-07-12,16117
2024-07-15,16186
2024-07-16,16174
2024-07-17,16128
2024-07-18,16165
2024-07-19,16197
2024-07-22,16209
2024-07-23,16216
2024-07-24,16244
2024-07-25,16316
2024-07-26,16293
2024-07-29,16280
2024-07-30,16336
2024-07-31,16286
2024-08-01,16266
2024-08-02,16210
2024-08-05,16191
2024-08-06,16173
2024-08-07,16058
2024-08-08,15900
2024-08-09,15950
2024-08-12,15967
2024-08-13,15843
2024-08-14,15605
2024-08-15,15702
2024-08-16,15699
2024-08-19,15589
2024-08-20,15451
2024-08-21,15515
2024-08-22,15631
2024-08-23,15559
2024-08-26,15441
2024-08-27,15543
2024-08-28,15427
2024-08-29,15407
2024-08-30,15496
2024-09-02,15541
2024-09-03,15560
2024-09-04,15499
2024-09-05,15419
2024-09-06,15414
2024-09-09,15470
2024-09-10,15454
2024-09-11,15412
2024-09-12,15438
2024-09-13,15407
2024-09-16,15366
2024-09-17,15336
2024-09-18,15311
2024-09-19,15170
2024-09-20,15162
2024-09-23,15187
2024-09-24,15177
2024-09-25,15118
2024-09-26,15131
2024-09-27,15109
2024-09-30,15163
2024-10-01,15198
2024-10-02,15278
2024-10-03,15468
2024-10-04,15564
2024-10-07,15717
2024-10-08,15647
2024-10-09,15634
2024-10-10,15703
2024-10-11,15581
2024-10-14,15593
2024-10-15,15525
2024-10-16,15526
2024-10-17,15510
2024-10-18,15492
2024-10-21,15495
2024-10-22,15565
2024-10-23,15671
2024-10-24,15580
2024-10-25,15685
2024-10-28,15729
2024-10-29,15772
2024-10-30,15688
2024-10-31,15720
2024-11-01,15739
2024-11-04,15766
2024-11-05,15766
2024-11-06,15874
2024-11-07,15660
2024-11-08,15598
2024-11-11,15726
2024-11-12,15795
2024-11-13,15727
2024-11-14,15954
2024-11-15,15884
2024-11-18,15858
2024-11-19,15844
2024-11-20,15897
2024-11-21,15897
2024-11-22,15914
2024-11-25,15867
2024-11-26,15878
2024-11-27,15863
2024-11-28,15875
2024-11-29,15863
2024-12-02,15898
2024-12-03,15933
2024-12-04,15924
2024-12-05,15855
2024-12-06,15824
2024-12-09,15878
2024-12-10,15873
2024-12-11,15932
2024-12-12,15964
2024-12-13,16020
2024-12-16,16022
2024-12-17,16138
2024-12-18,16110
2024-12-19,16314
2024-12-20,16230
2024-12-23,16182
2024-12-24,16203
2024-12-27,16218
2024-12-30,16163
2024-12-31,16191
2025-01-02,16207
2025-01-03,16219
2025-01-06,16147
2025-01-07,16160
2025-01-08,16255
2025-01-09,16200
2025-01-10,16189
2025-01-13,16318
2025-01-14,16309
2025-01-15,16381
2025-01-16,16407
2025-01-17,16398
2025-01-20,16390
2025-01-21,16339
2025-01-22,16211
2025-01-23,16240
2025-01-24,16139
2025-01-27,16151
2025-01-28,16225
2025-01-29,16240
2025-01-30,16247
2025-01-31,16300
2025-02-03,16415
2025-02-04,16318
2025-02-05,16315
2025-02-06,16355
2025-02-07,16318
2025-02-10,16345
2025-02-11,16367
2025-02-12,16349
2025-02-13,16386
2025-02-14,16205
2025-02-17,16226
2025-02-18,16338
2025-02-19,16371
2025-02-20,16290
2025-02-21,16319
2025-02-24,16286
2025-02-25,16348
2025-02-26,16375
2025-02-27,16453
2025-02-28,16548
2025-03-03,16451
2025-03-04,16414
2025-03-05,16362
2025-03-06,16368
2025-03-07,16270
2025-03-10,16357
2025-03-11,16438
2025-03-12,16470
2025-03-13,16435
2025-03-14,16358
2025-03-17,16379
2025-03-18,16512
2025-03-19,16526
2025-03-20,16510
2025-03-21,16511
2025-03-24,16559
2025-03-25,16565
2025-03-26,16613
2025-03-27,16585
2025-03-28,16588
2025-03-31,16637
2025-04-01,16743
2025-04-02,16716
2025-04-03,16714
2025-04-04,16958
2025-04-07,16952
2025-04-08,16916
2025-04-09,16944
2025-04-10,16835
2025-04-11,16855
2025-04-14,16810
2025-04-15,16854
2025-04-16,16799
2025-04-17,16868
2025-04-22,16842
2025-04-23,16876
2025-04-24,16852
2025-04-25,16854
2025-04-28,16812
2025-04-29,16758
2025-04-30,16620
2025-05-02,16444
2025-05-05,16434
2025-05-06,16418
2025-05-07,16517
2025-05-08,16502
2025-05-09,16537
2025-05-12,16659
2025-05-13,16660
2025-05-14,16536
2025-05-15,16526
2025-05-16,16462
2025-05-19,16455
2025-05-20,16424
2025-05-21,16330
2025-05-22,16335
2025-05-23,16267
2025-05-26,16253
2025-05-27,16282
2025-05-28,16320
2025-05-29,16298
2025-05-30,16333
2025-06-02,16275
2025-06-03,16319
2025-06-04,16314
2025-06-05,16256
2025-06-06,16314
2025-06-09,16289
2025-06-10,16265
2025-06-11,16282
2025-06-12,16221
2025-06-13,16317
2025-06-16,16287
2025-06-17,16297
2025-06-18,16361
2025-06-19,16384
2025-06-20,16404
2025-06-23,16502
2025-06-24,16324
2025-06-25,16308
2025-06-26,16238
2025-06-27,16213
2025-06-30,16230
2025-07-01,16203
2025-07-02,16239
2025-07-03,16221
2025-07-04,16194
2025-07-07,16252
2025-07-08,16272
2025-07-09,16262
2025-07-10,16237
2025-07-11,16217
2025-07-14,16275
2025-07-15,16263
2025-07-16,16296
2025-07-17,16349
2025-07-18,16306
2025-07-21,16314
2025-07-22,16316
2025-07-23,16295
2025-07-24,16294
2025-07-25,16337
2025-07-28,16376
2025-07-29,16412
2025-07-30,16411
2025-07-31,16497
2025-08-01,16520
2025-08-04,16373
2025-08-05,16380
2025-08-06,16358
2025-08-07,16309
2025-08-08,16261
2025-08-11,16310
2025-08-12,16311
2025-08-13,16128
2025-08-14,16104
2025-08-15,16183
2025-08-18,16220
2025-08-19,16256
2025-08-20,16282
2025-08-21,16317
2025-08-22,16374
2025-08-25,16245
2025-08-26,16313
2025-08-27,16423
2025-08-28,16322
2025-08-29,16475
2025-09-01,16431
2025-09-02,16409
2025-09-03,16452
2025-09-04,16445
2025-09-05,16420
2025-09-08,16526
2025-09-09,16423
2025-09-10,16487
2025-09-11,16484
2025-09-12,16439
2025-09-15,16418
2025-09-16,16408
2025-09-17,16463
2025-09-18,16545
2025-09-19,16651
2025-09-22,16583
2025-09-23,16654
2025-09-24,16699
2025-09-25,16784
2025-09-26,16709
2025-09-29,16671
2025-09-30,16676
2025-10-01,16632
2025-10-02,16616
2025-10-03,16565
2025-10-06,16615
2025-10-07,16570
2025-10-08,16595
2025-10-09,16560
2025-10-10,16590
2025-10-13,16582
2025-10-14,16629
2025-10-15,16602
2025-10-16,16607
2025-10-17,16579
2025-10-20,16563
2025-10-21,16605
2025-10-22,16619
2025-10-23,16625
2025-10-24,16608
2025-10-27,16619
2025-10-28,16616
2025-10-29,16562
2025-10-30,16666
2025-10-31,16662
2025-11-03,16710
2025-11-04,16721
2025-11-05,16704
2025-11-06,16677
2025-11-07,16698
2025-11-10,16693
2025-11-11,16727
2025-11-12,16761
2025-11-13,16711
2025-11-14,16702
2025-11-17,16735
2025-11-18,16756
2025-11-19,16718
2025-11-20,16749
2025-11-21,16718
2025-11-24,16633
2025-11-25,16609
2025-11-26,16649
2025-11-27,16640
2025-11-28,16660
2025-12-01,16590
2025-12-02,16625
2025-12-03,16623
2025-12-04,16655
2025-12-05,16672
2025-12-08,16693
2025-12-09,16674
2025-12-10,16683
2025-12-11,16676
2025-12-12,16652
2025-12-15,16683
2025-12-16,16665
2025-12-17,16692
2025-12-18,16717
2025-12-19,16736
2025-12-22,16776
2025-12-23,16787
2025-12-24,16747
2025-12-29,16771
2025-12-30,16765
2025-12-31,16716
2026-01-02,16716
2026-01-05,16740
2026-01-06,16770
2026-01-07,16768
2026-01-08,16836
2026-01-09,16860
2026-01-12,16893
2026-01-13,16864
2026-01-14,16872
2026-01-15,16897
2026-01-16,16918
2026-01-19,16974
2026-01-20,16946
2026-01-21,16911
2026-01-22,16875
2026-01-23,16823
2026-01-26,16778
2026-01-27,16716
2026-01-28,16742
2026-01-29,16782
2026-01-30,16788
2026-02-02,16799
2026-02-03,16770
2026-02-04,16794
2026-02-05,16867
2026-02-06,16873
2026-02-09,16827
2026-02-10,16787
2026-02-11,16800
2026-02-12,16830
2026-02-13,16823
2026-02-16,16818
2026-02-17,16829
2026-02-18,16885
2026-02-19,16918
2026-02-20,16889
2026-02-23,16822
2026-02-24,16833
2026-02-25,16814
2026-02-26,16767
2026-02-27,16801
2026-03-02,16876
2026-03-03,16895
2026-03-04,16855
2026-03-05,16909
2026-03-06,16973
2026-03-09,16942
2026-03-10,16866
2026-03-11,16898
2026-03-12,16886
2026-03-13,16900
2026-03-16,16965
2026-03-17,16958
2026-03-18,16994
2026-03-19,16961
2026-03-20,16925
2026-03-23,16896
2026-03-24,16891
2026-03-25,16858
2026-03-26,16917
2026-03-27,16983
2026-03-30,17018
2026-03-31,16965
2026-04-01,16914
2026-04-02,17011
2026-04-07,17070
2026-04-08,16976
2026-04-09,17097
2026-04-10,17095
2026-04-13,17188
2026-04-14,17131
2026-04-15,17154
2026-04-16,17140
2026-04-17,17180
2026-04-20,17129
2026-04-21,17128
2026-04-22,17199
2026-04-23,17276
2026-04-24,17244
2026-04-27,17209
2026-04-28,17284
2026-04-29,17348
2026-04-30,17346
2026-05-04,17409
2026-05-05,17453
2026-05-06,17328
2026-05-07,17298
2026-05-08,17366
2026-05-11,17425
2026-05-12,17497
2026-05-13,17496
2026-05-14,17465
2026-05-15,17589
2026-05-18,17683
2026-05-19,17743
2026-05-20,17701
2026-05-21,17677
2026-05-22,17695
2026-05-25,17734
2026-05-26,17835
2026-05-27,17837
2026-05-28,17851
2026-05-29,17816
2026-06-01,17835
2026-06-02,17827
2026-06-03,17962
2026-06-04,18026
2026-06-05,18070
2026-06-08,18151
2026-06-09,17950
2026-06-10,17910
2026-06-11,17974
2026-06-12,17788
2026-06-15,17719
2026-06-16,17721
2026-06-17,17803
2026-06-18,17875
2026-06-19,17808
2026-06-22,17838
2026-06-23,17921
2026-06-24,17977
2026-06-25,17982
2026-06-26,17859
2026-06-29,17853
